2008,2009,2010,2011,2012,2013,2014,2015,2016,2017,2018,2019,2020,2021,2022
1.1607491555332824e-18,0.0,0.0,0.0,0.0,3.633463141763826e-19,2.729396196674768e-18,0.0,0.0,0.0,4.83913458792574e-18,0.0,0.0,6.843705028921338e-18,0.0
7.062656562453817e-19,0.0,1.321483043414906e-18,0.0,0.0,0.0,0.0,1.7095425107683619e-18,3.18418863367388e-18,0.0,0.0,9.05603840794597e-19,0.0,2.504590418328821e-18,0.0
0.0,0.0,2.6967954345463672e-18,4.724687762044238e-19,0.0,3.2977191796432978e-18,2.6440830097451565e-18,4.9147998891335325e-19,9.289007628731274e-19,7.127664081658284e-19,0.0,0.0,0.0,0.0,3.27473865149439e-19
4.927236741135941e-18,0.0,0.0,7.151456749456254e-20,0.0,0.0,0.0,0.0,0.0,0.0,3.3014585425199825e-18,3.9383612121949433e-19,4.332263213465902e-18,4.798694169412012e-18,7.721798253807423e-20
0.0,0.0,1.0944512935030028e-18,1.754508702958108e-18,0.0,3.4931935723998975e-18,1.0630894188198928e-18,3.20514712765207e-18,4.548936043201356e-18,2.1112319281319103e-19,0.0,1.6834731850108945e-18,0.0,0.0,5.797024184524157e-19
0.0003208031762464461,0.0003211226807786626,0.000320422578333175,0.0003209878306929157,0.00032025567783195905,0.0003186932881540139,0.0003193758577494127,0.0003198863774837429,0.0003207616153073837,0.0003202138180606859,0.00031919521060034715,0.0003193745984466825,0.0003190100758082359,0.00031955549560318264,0.00031966203922065533
0.0,4.098032779283237e-18,0.0,1.1416366247371847e-18,0.0,2.6902841676774132e-18,0.0,1.8929160261768316e-18,2.48320109336634e-18,0.0,1.3383379901655407e-18,1.572873999096816e-18,2.0333431270798754e-18,8.375288754778124e-19,0.0
0.0,3.5195988527437514e-18,1.7836053099401388e-19,0.0,0.0,0.0,1.3179500394401883e-18,4.307790098354711e-18,9.898062571692276e-19,0.0,1.3961170647820416e-18,2.390503634641612e-18,1.686739440983828e-18,0.0,0.0
0.00161942770843265,0.0016194328776807658,0.0016194224313621488,0.0016194309032686502,0.0016194203662799303,0.0016193987151208293,0.0016194078489711978,0.0016194148486230282,0.0016194274101513928,0.001619419493581622,0.0016194052391702797,0.001619407810904671,0.001619402930740462,0.001619410238361248,0.0016194119892395035
2.0635068420802895e-19,0.0,0.0,0.0,7.621660769133745e-19,6.045077546755507e-19,1.8219988806550206e-18,0.0,1.0067198858746305e-18,2.7624737435674805e-18,3.733754135233761e-18,0.0,0.0,1.4276496263091217e-18,0.0
0.0,1.1290423532786825e-18,3.5320678293401984e-18,0.0,0.0,1.4648096220569605e-18,3.781352311489547e-18,0.0,1.2018789567788194e-19,0.0,0.0,2.05795314643333e-18,0.0,4.479477847257883e-19,3.874089122358416e-19
0.07347676281701214,0.07347697646145965,0.07347650888641939,0.07347688659617627,0.07347639763938878,0.07347535848994628,0.07347581126118734,0.0734761517415907,0.07347673512387508,0.07347636935154253,0.07347569207835905,0.07347581122380069,0.07347556846176385,0.0734759310998877,0.07347600178578212
0.0,1.9543719811570535e-18,0.0,0.0,0.0,0.0,0.0,9.268650601930016e-19,0.0,0.0,0.0,1.5108758983331376e-18,4.2135131986571976e-19,1.2751043137113404e-20,0.0
0.0,0.0,0.0,3.8617062963631046e-18,0.0,3.1184629361802764e-18,0.0,8.703185305932326e-18,0.0,1.3523402502402537e-18,3.528932782595218e-18,2.574342303010534e-18,5.100212438491185e-18,2.0562023198862545e-18,3.072016875065467e-18
0.0,1.9521610947185382e-18,0.0,2.426435658599124e-18,2.600496758829452e-18,0.0,1.0462041063104757e-19,0.0,3.964343051895642e-18,2.4599529882396927e-18,2.81089724689349e-18,1.1256007117214931e-18,0.0,0.0,1.9659408300046007e-18
0.0,1.0996938097315437e-18,2.5628077785057296e-19,0.0,0.0,5.362908602838857e-20,7.505689019478417e-19,3.975033350837085e-18,0.0,2.0612294126607683e-19,0.0,2.722704964392133e-18,1.7403054229736524e-18,0.0,0.0
2.0091951918202645e-18,0.0,1.5766744320689869e-18,2.7253687579796855e-18,1.5634719912370642e-19,2.374806033928172e-18,0.0,1.0966171903783216e-18,1.5666268672732854e-18,1.5597159804214528e-18,8.626047815418787e-19,0.0,2.4293797485237722e-18,2.1699440911591496e-18,0.0
0.0,0.0,0.0,1.7225971188792699e-18,2.767259573726018e-18,0.0,0.0,0.0,0.0,0.0,0.0,1.4340637820774372e-18,0.0,1.4546788970961513e-18,4.231955527218448e-18
6.474907093463076e-20,0.0,4.4551254473027e-18,3.5534729092706495e-18,0.0,1.3125077069630853e-18,3.755973290781592e-18,8.838160689895232e-19,5.3574933434809155e-18,3.142944956936953e-18,0.0,3.57032791492656e-19,0.0,2.6623145231324446e-19,0.0
0.0,4.603261151932154e-18,1.1064664158797608e-18,5.885123929548409e-18,1.6819731154938904e-18,4.354645303164169e-18,3.553988715702399e-18,0.0,1.6910553784450844e-18,6.015417107888312e-18,0.0,4.113834520220176e-18,0.0,1.0518352838390877e-17,0.0
0.0,1.6627748825402629e-18,5.293554996689553e-18,0.0,0.0,1.7527835734777464e-18,0.0,0.0,2.6291234837947858e-18,0.0,5.1107749100528875e-18,0.0,7.222605374998756e-20,0.0,1.4774984769457423e-18
0.05223116012415907,0.05223147522010708,0.05223078526947952,0.05223134213766223,0.0522306202839307,0.05222908692011435,0.05222975606235178,0.052230257761141395,0.05223111919006558,0.052230579753303814,0.052229578659231723,0.05222975493554961,0.052229396988423334,0.05222993253130147,0.05223003656572448
0.0,3.61324162409194e-18,2.3599750415949088e-18,3.1603740600153302e-18,1.1384865092823805e-18,9.446957837370535e-19,0.0,1.1425765683375691e-18,0.0,2.9911475408694904e-19,4.812739656084466e-18,0.0,1.6917575685662224e-18,0.0,2.0666545824039605e-19
0.0,1.144800208591573e-19,5.458192956545444e-18,0.0,0.0,3.62434490286747e-19,6.962906192323777e-19,3.140706852923475e-18,1.30169372865725e-18,0.0,0.0,0.0,0.0,3.742377773929484e-18,0.0
0.032141783948986036,0.032141918020170634,0.03214162473286689,0.03214186123247666,0.03214155491524419,0.03214090499504627,0.032141188599027905,0.032141400648939666,0.03214176663420879,0.03214153753634018,0.032141113531946514,0.03214118829007337,0.03214103638979699,0.032141263438033356,0.03214130784477865
0.0,0.0,0.0,0.0,0.0,4.56259505189908e-19,1.1272737836059596e-18,0.0,0.0,4.09602750650084e-18,1.2292054297791143e-18,3.793265759708411e-18,5.118174633362681e-18,1.1890907568402268e-18,0.0
0.0,1.1413517930405692e-19,1.9698802292200716e-18,8.302719508384834e-20,0.0,2.5240157979554994e-18,5.958397728943059e-18,0.0,0.0,2.2160608308847235e-18,0.0,1.402053978395883e-19,0.0,9.962241011603295e-19,3.52507717022244e-18
0.0,3.483101200266945e-18,1.5415404435812128e-18,0.0,0.0,4.607798613478382e-18,1.4039961329049981e-18,0.0,7.605297995432193e-19,0.0,0.0,5.494848823715318e-19,3.797658863222468e-18,7.5265365304012555e-19,0.0
8.01684343160833e-21,2.0176846437138765e-18,2.753300427494923e-18,2.6985897982507628e-18,7.353006747359318e-19,3.1179469114652496e-18,0.0,5.932310105222993e-19,0.0,0.0,2.0941813296773738e-18,3.2709945823912712e-18,2.7185094254116697e-18,2.969553387393962e-18,8.65306867408909e-19
0.0,2.6175565108417017e-18,1.8865181605431794e-18,1.9157360964856223e-18,1.0409894742940312e-18,0.0,1.8560217634720423e-18,0.0,0.0,2.4358113047127285e-18,2.0531802665355507e-19,2.4346081684679586e-18,0.0,1.1468103748303226e-18,1.2232624801030884e-18
0.0,5.5938510721865776e-18,0.0,3.894216277295586e-18,0.0,0.0,0.0,8.382114941389847e-18,9.236525054300817e-19,0.0,0.0,7.832022149277824e-18,0.0,0.0,0.0
5.772289233500372e-19,1.034636498701346e-18,0.0,1.4337623734482795e-18,0.0,1.0617196310899393e-18,1.5385354135052015e-18,0.0,0.0,7.368309016256708e-19,0.0,0.0,7.763301130041321e-19,7.19659626681539e-19,0.0
1.4314104173654736e-18,0.0,0.0,7.310659429172595e-19,1.250288949927267e-18,7.38962953709978e-19,0.0,0.0,0.0,0.0,0.0,0.0,4.939291047430798e-19,0.0,6.909113196734724e-19
0.0,1.071422456208457e-19,3.146999052695441e-18,4.8238874167079135e-18,2.5727788501625742e-18,3.1869648660928445e-18,0.0,3.8847895900212236e-20,1.2129866928146621e-18,2.315177602695573e-18,0.0,0.0,8.330536321881471e-19,0.0,1.7238860578875389e-18
0.0,6.899549334304027e-19,0.0,2.3910694155220626e-18,1.1984758473918661e-18,0.0,0.0,1.3902598152157953e-18,1.6119859128305365e-18,0.0,1.9749469035347793e-18,0.0,0.0,0.0,0.0
2.0837558324841614e-18,5.453792625885659e-18,0.0,0.0,0.0,0.0,0.0,0.0,0.0,2.8172365136586272e-18,5.4353955039163e-19,5.06396886672548e-19,0.0,0.0,1.5941775154384202e-18
0.1425124768971185,0.14251280254338053,0.14251209095652762,0.1425126653817032,0.14251192067745475,0.14251034057149894,0.14251102878525357,0.1425115467469737,0.14251243519302678,0.14251187879501412,0.14251084725611965,0.14251102865938137,0.14251065951523365,0.142511211391561,0.14251131896920974
5.816402658936316e-18,0.0,3.494466824200696e-18,0.0,1.6897858192268779e-18,4.1968627891437023e-19,0.0,3.534819872772601e-18,2.5490357992277134e-18,3.327505739505289e-18,0.0,0.0,4.398575695680163e-18,0.0,5.858978674575219e-18
0.0,0.0,0.0,7.335759754905102e-19,0.0,0.0,0.0,3.1169222667234886e-18,1.6433877615011424e-18,0.0,5.770770239809373e-19,1.9212382962671917e-18,0.0,3.865320749022697e-18,0.0
0.0,2.7701364917297543e-18,0.0,0.0,0.0,0.0,0.0,0.0,0.0,2.2610111041075743e-18,0.0,2.3673518218436907e-18,0.0,0.0,0.0
0.0,0.0,3.379157806264518e-18,0.0,0.0,0.0,1.3351720478891704e-18,4.587126157378192e-18,5.734450638784339e-19,0.0,0.0,0.0,3.1792512760624767e-18,0.0,0.0
1.7438321681248138e-18,1.3651068839742015e-18,2.2911143473310964e-18,0.0,0.0,0.0,8.844580394108107e-21,7.532973635008239e-19,1.889483145524412e-18,4.560540016957132e-19,1.2953796405674884e-18,0.0,2.671647435630884e-18,1.3730377586502034e-18,7.467300602422659e-20
0.0,7.394814658049404e-18,6.304660292124478e-18,0.0,7.466444320660744e-18,3.3281160138275884e-18,4.547771691189313e-18,2.695041680743674e-18,0.0,5.122083247305629e-18,0.0,1.6246239557461522e-18,2.031200288858161e-18,3.756383160272138e-18,6.099265424342913e-20
0.05510904605962665,0.05510917483272341,0.05510889395083214,0.055109120508829545,0.05510882655894414,0.05510820259635343,0.05510847482935195,0.05510867866187972,0.05510902950530569,0.05510880954596263,0.05510840262165391,0.05510847425038927,0.05510832838104695,0.05510854620294458,0.055108588905579896
0.00011102260878977689,0.00011102683653058447,0.00011101774069804062,0.00011102515145999105,0.00011101561134430895,0.00011099599668445178,0.00011100433687835775,0.00011101079120859064,0.00011102205887660961,0.00011101495634464973,0.00011100217683429385,0.00011100439474848245,0.0001109997488647054,0.00011100678145526062,0.0001110080366386249
0.0,1.3797114813445076e-19,2.4542186977865047e-18,0.0,0.0,2.244215486461463e-18,0.0,1.9191258357386003e-19,4.450069620633285e-18,2.6168835455561217e-18,0.0,0.0,0.0,2.4536329739388694e-18,2.5769426895065725e-18
0.0,3.22893570306253e-18,5.045210252684058e-19,0.0,1.278022840940908e-18,0.0,0.0,4.560468876158695e-18,0.0,0.0,0.0,1.99757417393612e-18,1.222227002911683e-18,0.0,0.0
0.0,1.6148358104347163e-19,0.0,8.248194760328919e-19,0.0,0.0,0.0,0.0,0.0,0.0,0.0,0.0,1.0745750474462858e-18,0.0,3.3530864227969245e-18
0.0,0.0,2.0613713119438106e-18,1.1907597712825513e-18,0.0,0.0,2.1977329718860296e-18,1.3367394378425635e-18,8.72119569199533e-19,1.6361793993185256e-18,0.0,5.526899104145486e-19,0.0,1.2023054449365214e-18,0.0
0.0,4.448844161608381e-18,3.786200309734711e-18,0.0,1.0909227858587889e-18,0.0,0.0,1.8691888083841423e-18,0.0,4.903517365625636e-18,0.0,0.0,2.5959191547789725e-18,0.0,3.98789797218108e-18
0.0,0.0,4.182979291163157e-18,6.984783757120203e-19,4.479188566700856e-18,1.678984511060963e-18,3.768382679444164e-18,2.257632629581118e-19,0.0,0.0,0.0,1.193863875982343e-18,0.0,0.0,1.4977780539813313e-18
0.0,0.0,3.911293695758406e-18,0.0,2.7427419061726905e-18,0.0,4.623443882572339e-18,0.0,0.0,9.72699693756925e-19,7.990122808720769e-19,2.5973438883505244e-18,1.841721372623734e-18,1.7955267579762094e-18,0.0
0.0,0.0,0.0,5.156959168532212e-19,9.44414075846605e-19,0.0,0.0,1.4633150876213362e-19,0.0,7.6160137920147e-19,2.457407355378883e-18,0.0,0.0,0.0,0.0
0.012995492338711409,0.012995667855428853,0.01299528372072186,0.012995593937083235,0.012995192021361374,0.012994337703170737,0.01299471039594269,0.012994989931701159,0.012995469734618039,0.012995169157791382,0.012994611821061009,0.012994709944071474,0.012994510552875812,0.012994808838550857,0.012994867096946689
0.0,0.0,1.8446665405917416e-18,0.0,9.560388598936274e-19,3.906871646395586e-18,0.0,1.9897387803017377e-18,8.72856308082983e-19,4.052547297468222e-18,5.778447343062213e-18,0.0,1.5164916174107153e-18,0.0,0.0
0.0,8.443773321285968e-19,0.0,0.0,2.5812545645497594e-19,1.6647785974730242e-19,4.948188568620718e-19,6.8916926661940045e-19,2.3008554511691086e-18,5.235454336057489e-19,0.0,4.036406518338811e-19,9.297658664073965e-19,0.0,0.0
0.0,6.566408796660973e-19,1.1250845774168322e-18,2.7409873574258944e-19,3.886126331350258e-18,3.623066987282622e-19,0.0,1.3345197600389292e-18,1.3041898700140698e-19,6.669556934159632e-19,3.4262965781240657e-18,0.0,7.308436166616111e-18,7.620024789485679e-19,1.92004656157186e-18
5.597270990825071e-19,0.0,0.0,1.016040504085622e-18,0.0,0.0,0.0,1.5125503561826706e-18,2.691437286519026e-19,0.0,4.057609044103669e-18,1.0276186091560958e-18,8.95257190714959e-19,1.8150043454602937e-18,0.0
1.5910575201502565e-18,4.129810544271422e-18,3.1427895444911423e-19,2.6367079349004397e-18,3.158386224992719e-18,1.7972540878806315e-19,2.6748558192779303e-19,0.0,0.0,0.0,0.0,1.6773874363112339e-18,2.543893772077466e-18,7.686190929254079e-19,0.0
1.0005967005260968e-18,0.0,0.0,1.6358296020306825e-18,0.0,0.0,2.6063621013007865e-18,3.702217175446755e-19,1.5813464902244806e-18,7.709146361306503e-19,2.4164536022991523e-18,0.0,2.276819212705041e-18,4.1023103720454334e-18,0.0
3.396987915330196e-19,1.170846881224621e-18,0.0,2.9096250858563207e-18,0.0,2.1531910066118153e-18,6.831516269455178e-19,1.804113393230305e-18,1.029355816345726e-18,0.0,0.0,1.042337842234448e-18,2.3171813233908117e-18,1.7061689247651953e-18,0.0
0.0,0.0,4.3166550294550315e-18,0.0,3.014217808863257e-18,0.0,0.0,1.8185576319405413e-18,0.0,2.258939494731867e-18,0.0,0.0,3.970438561635016e-18,1.8033367931849558e-18,0.0
0.0,1.2014262633010734e-19,0.0,0.0,2.320072111741058e-19,5.354717027544073e-19,0.0,1.0618058574684346e-18,9.034361354169418e-19,2.965930730836423e-19,0.0,3.742288419711832e-19,7.17925975704746e-19,1.557033887255973e-19,0.0
0.0,3.1267428515557636e-18,1.900833444573785e-20,0.0,2.598558891384461e-19,2.1866251655847703e-19,1.667897267124145e-18,2.6309101406548193e-19,1.1844394701058437e-18,0.0,0.0,0.0,0.0,0.0,1.1392888452560967e-18
8.026437003353045e-19,0.0,0.0,1.353200587794975e-18,5.68614016645869e-19,2.433952665942725e-18,1.0818925154500059e-18,0.0,0.0,1.6327894294755177e-18,0.0,0.0,1.9526913358629386e-18,0.0,0.0
0.0,8.263786691476109e-19,0.0,1.586269023921358e-18,5.071823334853675e-19,2.3113650048014293e-18,0.0,1.784592903967946e-18,2.2964294549157316e-20,0.0,0.0,5.641908089663247e-19,4.2176103230783835e-20,1.5400826709143993e-18,9.927437719901895e-19
7.013550772751503e-19,8.12114967271356e-18,0.0,0.0,0.0,0.0,0.0,7.503368115835422e-18,2.112614710135428e-18,0.0,0.0,7.03394741357283e-19,0.0,0.0,1.768989573737658e-18
0.0,0.0,0.0,2.305631888999352e-18,3.7341843452780093e-19,0.0,0.0,0.0,4.272814169250677e-18,2.4870806683959368e-18,1.7399629860199345e-18,4.0869477044912206e-19,6.732119576592661e-19,0.0,0.0
0.0,6.7491115462826746e-18,0.0,0.0,0.0,6.397360099440833e-18,0.0,1.4443832508533525e-18,0.0,2.0342143187930554e-18,0.0,0.0,3.438526162718205e-18,1.3908459626180409e-18,2.810789029255732e-18
0.0,3.4679983768044613e-18,2.7863365431883776e-18,2.9451654283180806e-19,3.535475698254742e-18,0.0,0.0,3.2218751165347866e-18,0.0,0.0,1.4517454258697284e-18,5.161077928184422e-19,2.6902181419096213e-18,0.0,0.0
0.0,3.0590249800687973e-19,1.2257955666999937e-18,0.0,0.0,0.0,1.7918985772862506e-18,1.063510116558661e-18,3.677599938353891e-18,0.0,0.0,1.5182380113330033e-18,5.6785331031788155e-19,0.0,0.0
3.46648786749382e-18,6.000505812819773e-19,0.0,0.0,0.0,1.1466481457833821e-18,0.0,0.0,6.618381383796856e-19,0.0,0.0,0.0,2.8863712632206694e-18,4.1654175359172385e-19,5.189033524672913e-19
1.6200561694330554e-19,0.0,3.000616757463461e-19,0.0,3.8022147396138094e-19,2.4254860894442147e-19,6.946647113155517e-19,0.0,0.0,1.2502045519634498e-18,1.9038698867713033e-18,0.0,0.0,1.1406684008004319e-18,7.884952916113221e-19
0.0,0.0,0.0,0.0,0.0,0.0,0.0,9.36461771033719e-19,0.0,5.542200712280284e-19,5.9564000312197e-19,0.0,8.610606087428449e-20,0.0,3.636787851567593e-18
0.0,0.0,8.06381123501732e-19,0.0,3.6589409826241104e-18,8.024976479566581e-18,0.0,0.0,0.0,0.0,0.0,3.4358265376919913e-19,3.697777947199362e-19,0.0,0.0
1.6315093540262712e-18,2.881760244665326e-18,0.0,4.344648236836883e-18,0.0,4.525982159545351e-19,1.1131755570845928e-18,0.0,1.3986122178470722e-18,1.0088913789196128e-18,0.0,2.0603742866701916e-18,0.0,2.6049828536764747e-19,0.0
0.0,0.0,1.048343485066895e-18,0.0,2.034974117168134e-18,4.1779794058939727e-19,0.0,0.0,2.932939011131617e-18,0.0,2.846725264341728e-19,0.0,8.008277662000473e-19,1.8635079984495803e-18,2.1728335503581954e-18
2.89312709333737e-18,9.255011887065434e-19,0.0,0.0,0.0,6.781687904079495e-19,0.0,0.0,1.1344815177042576e-18,0.0,0.0,0.0,0.0,1.2512860029996397e-19,1.5099620199626942e-20
0.0,3.3035147943447638e-18,0.0,1.7458777276357785e-18,0.0,6.044023406326037e-18,7.965806244661957e-18,0.0,2.215084235336119e-18,0.0,0.0,0.0,8.39789867157518e-19,0.0,1.3177147614872223e-18
0.0,1.1656614818399875e-18,2.6282096586444605e-18,0.0,1.7210764017657283e-18,0.0,5.641965234866295e-19,0.0,2.172382664896023e-18,5.186954212884077e-19,2.5347679698650643e-18,2.4527513031786383e-18,1.287652349305545e-18,1.817923839346694e-18,0.0
1.2921194312142195e-19,0.0,1.7532494597061557e-18,1.2189372940105341e-18,2.2271126623628734e-18,0.0,0.0,0.0,1.0680429989297698e-18,3.609149332516389e-18,1.2884886611806587e-19,0.0,1.7772558713347592e-18,0.0,4.1771837756355237e-19
0.0,7.711515991400842e-19,0.0,0.0,1.2358720659709749e-19,3.937896996014256e-18,3.1005777990046457e-18,0.0,1.8381864946903876e-18,2.5197511919095585e-18,0.0,1.7574999506569384e-18,0.0,3.1833170901791714e-18,3.5590217416771237e-19
0.0,0.0,0.0,0.0,0.0,5.70873721330846e-18,3.1036379832510518e-18,2.111739149894108e-18,0.0,2.145440014337644e-18,0.0,0.0,0.0,1.0274552503282106e-18,2.8477171181800924e-18
2.4409683956711865e-18,6.1433540389717e-20,0.0,8.263110063994061e-19,0.0,0.0,1.2902679042097055e-19,0.0,3.26057435624381e-18,0.0,7.441158563638648e-19,0.0,2.1074983741403515e-18,0.0,2.7255270866974e-18
0.0,0.0,0.0,0.0,1.5742080435647877e-18,2.058881220503639e-18,2.0476604952862764e-18,0.0,1.5654772663350635e-18,0.0,0.0,0.0,1.0351761852925205e-18,3.5539870014566316e-19,0.0
1.7257992817868498e-18,0.0,0.0,0.0,1.471674363127945e-18,0.0,0.0,1.1567648708304363e-18,0.0,1.6526283296594624e-18,0.0,0.0,0.0,0.0,1.8564631485145244e-19
1.7718067271490387e-18,6.731171281604002e-19,1.7458842725124768e-18,1.778702277047513e-18,3.0107391515594545e-18,0.0,0.0,0.0,0.0,0.0,1.927861649787555e-18,0.0,0.0,0.0,0.0
1.4927837284331594e-18,0.0,5.143954635212534e-18,2.058844546876625e-18,0.0,0.0,1.0476779363621052e-18,0.0,0.0,5.031981433805862e-19,2.241897669848616e-19,0.0,0.0,1.5652067661865215e-18,4.090346313427048e-18
0.0,0.0,1.8863387701545215e-18,8.397159875313842e-19,0.0,7.488548775419156e-18,5.490361249453255e-18,2.864462452498493e-18,0.0,5.234614365190414e-18,2.605866550764855e-18,8.949009597589203e-19,1.013651235215531e-18,1.5939414954131692e-18,1.8148510953734263e-18
0.0041513216896142836,0.004151448922248254,0.004151170370524566,0.00415139523485781,0.004151104190516128,0.004150485786041852,0.004150755349471718,0.004150957604761821,0.004151305234054209,0.004151087524139613,0.004150683866318869,0.0041507551612547655,0.004150610866448891,0.0041508265047176555,0.004150868548331584
1.4982090461685368e-18,1.3838254693974749e-18,6.069327664887137e-20,2.1204999875540198e-18,3.020468600891411e-19,0.0,2.1856491461601606e-19,0.0,1.4431739045140825e-18,0.0,3.062377961095605e-19,0.0,3.6549131418214046e-18,1.2175127230964317e-18,0.0
5.28710828719857e-19,0.0,1.531516971480321e-18,0.0,0.0,0.0,2.0102100108434817e-18,1.3057138521367008e-18,0.0,3.1400264022484945e-19,0.0,0.0,0.0,1.183170294161339e-18,0.0
2.056225054481663e-18,0.0,0.0,0.0,0.0,1.9875163309053185e-18,2.1264443884314418e-18,7.354286491440017e-19,1.872863761174344e-18,0.0,7.518859129059744e-19,3.4960680429112334e-19,0.0,1.174889383118984e-18,0.0
0.0,0.0,1.8446604930731132e-18,1.484086168989287e-18,4.18871027734555e-18,0.0,1.6397202397763543e-18,1.5781107613115403e-18,0.0,0.0,0.0,0.0,4.3604924250965776e-18,0.0,3.6751317537067597e-19
0.0,1.9164320611846302e-18,3.247924398082572e-19,5.366802347647779e-20,0.0,0.0,0.0,1.2455997528438315e-18,2.916870329986425e-18,6.536071853251321e-18,0.0,8.344858431680498e-19,0.0,0.0,0.0
0.0,0.0,0.0,0.0,3.7263400421811226e-18,0.0,0.0,0.0,0.0,0.0,9.55539101859198e-19,0.0,0.0,7.282702849095426e-19,0.0
0.0,9.260527173321097e-19,4.2957127249770653e-19,1.890346280756183e-18,0.0,0.0,0.0,0.0,2.2005796104312396e-18,0.0,0.0,5.578913579404965e-19,0.0,0.0,0.0
0.0,0.0,1.2480690583440006e-18,1.1726166308753567e-18,5.946237452799921e-18,0.0,2.747492495751666e-18,0.0,0.0,0.0,0.0,5.92092606892538e-18,8.204309683965159e-19,4.952843300139478e-19,4.0878220831522553e-19
3.2350525914474107e-18,1.2376772594439391e-19,2.0650094244423896e-18,2.694514336634971e-18,0.0,0.0,0.0,0.0,1.744259530295558e-18,0.0,1.676336184800656e-18,0.0,0.0,1.3235720055021552e-18,0.0
9.359383667401218e-19,2.605116732018002e-18,1.797210507353385e-18,1.3676050778188078e-18,0.0,4.2135430411113025e-18,1.3639068932039615e-18,0.0,1.6734562724626816e-18,0.0,1.8088754167608564e-18,2.5456551052692745e-20,1.9235363574322537e-18,1.3656977099730185e-18,4.369972613784431e-19
5.156736125727786e-19,4.629205115338768e-19,0.0,0.0,1.1496293234497538e-18,0.0,7.937569247967007e-19,2.210036110583447e-19,0.0,1.7222894456242976e-18,0.0,1.72001473883722e-19,2.5672409833419406e-18,3.676991872021279e-18,0.0
0.0,0.0,3.262673880006005e-18,2.822319014464977e-19,0.0,0.0,4.543422045195602e-19,1.0871922431087155e-18,0.0,0.0,0.0,6.683679809521309e-19,1.7757948445273134e-18,1.6248250342436745e-18,2.347132039292159e-18
0.0,1.033962193059471e-18,0.0,0.0,0.0,3.2728416191482128e-18,1.5676014222821817e-19,0.0,0.0,0.0,0.0,4.388667638329447e-19,0.0,1.3332591145137122e-18,1.497145138760565e-18
5.493205482401059e-19,2.7336958111886826e-18,3.765691103095299e-18,0.0,4.2239492043784326e-18,4.903367697189232e-19,0.0,0.0,0.0,0.0,0.0,2.4776149809831638e-18,0.0,0.0,3.4730974591202966e-18
0.0,1.3557260807730975e-18,0.0,0.0,9.079003878867416e-19,8.557962990312016e-19,2.1632654893669151e-19,1.4117321708483469e-18,0.0,9.429768893600108e-19,2.7647074922517964e-18,0.0,2.4282732292828317e-18,9.626198010103147e-19,1.0050123338306412e-18
6.447789039617593e-19,8.559773918669455e-19,0.0,0.0,6.07539221594735e-19,4.522253103851614e-19,0.0,1.1515475421466398e-18,0.0,0.0,1.595971851742595e-18,2.6107558621204034e-18,7.421208635454981e-19,1.862114401296588e-19,0.0
0.0,3.1023658266109047e-18,0.0,3.3442039223517145e-18,0.0,1.0847543668351316e-18,0.0,1.8888990905106305e-18,0.0,1.2448776532237335e-19,1.7394493377757198e-18,0.0,1.5511906286185603e-18,0.0,1.0782806438497534e-18
6.999271564182193e-20,3.375373196195323e-18,7.16253145332499e-19,6.5154713188847574e-18,4.451961405615874e-19,0.0,0.0,2.2983008104275908e-18,3.697750848114831e-18,1.7386113148116333e-19,1.5358569820309186e-18,1.8360562818211524e-18,3.1330307824235146e-18,0.0,0.0
0.0,0.0,0.0,0.0,0.0,0.0,0.0,7.662661681702113e-19,0.0,3.0628287298555218e-18,0.0,0.0,0.0,0.0,0.0
0.0,0.0,3.567312029751767e-20,0.0,0.0,0.0,0.0,0.0,0.0,5.091833462235355e-18,2.3182404518166902e-18,2.1776698516662165e-19,0.0,0.0,0.0
0.0,0.0,1.7094703759061851e-18,0.0,0.0,0.0,2.3001230268852268e-18,1.0067305527307238e-18,1.796963703534981e-18,2.394539506884971e-19,0.0,1.0446361048517386e-18,0.0,8.90605681556542e-19,4.900373243478055e-19
1.056457945276769e-18,4.023213832430667e-18,0.0,2.2463695560435754e-18,0.0,0.0,2.6545774333917983e-18,0.0,8.575885255845412e-19,1.130858582151558e-18,0.0,0.0,0.0,0.0,1.9429759961488016e-19
9.860966955655478e-19,6.975928747794127e-19,2.41010242386366e-18,4.645670867983694e-20,0.0,0.0,1.680221682570481e-18,1.0175665866603395e-18,0.0,0.0,0.0,1.2536412985676723e-18,6.747148145582498e-19,0.0,2.28135149858127e-18
0.0,0.0,6.249218302045423e-19,0.0,6.753983861362648e-19,0.0,5.4024774864033026e-21,4.122429323012376e-18,0.0,3.3511855439819882e-19,0.0,0.0,3.756320077118626e-18,1.7855574283320807e-18,1.8301560369473844e-18
4.489556056409355e-18,0.0,8.961082810926918e-19,0.0,1.2764265587565933e-19,0.0,0.0,0.0,1.3930133824288351e-18,0.0,0.0,1.2737788430776e-19,0.0,1.2800284077405864e-18,1.5497838290870777e-19
2.4291724197199326e-18,0.0,1.3109878206974967e-18,0.0,0.0,1.0446904846362308e-18,1.9003850883993027e-18,3.876208817088743e-19,0.0,0.0,1.3747293412060834e-21,6.763643285605641e-19,1.061481991341682e-18,8.71540327231283e-19,2.8244625648807384e-19
2.60630764029003e-18,2.3097316003571466e-18,0.0,2.1933651486095597e-18,0.0,2.2919568464429196e-18,1.330146837647861e-18,0.0,1.1437535235523317e-18,0.0,1.4982096184215968e-19,2.543117488383171e-19,7.845329532869211e-19,3.1441609035134516e-19,0.0
0.0,3.9382468681034583e-19,5.4040057102552876e-20,0.0,5.322357860337481e-19,2.0609248935295634e-18,0.0,1.2989638216543304e-18,1.4187186031854017e-19,0.0,2.086560001405421e-18,1.7102624918387088e-18,0.0,2.007550110453145e-18,0.0
0.0,0.0,0.0,7.86840702502482e-19,0.0,7.449675282019406e-19,1.470101801752864e-18,1.4771263547034105e-19,1.3910093447305495e-18,1.8214148268512156e-18,6.020328436783166e-19,0.0,2.1045510469316907e-19,0.0,0.0
8.427091998684218e-18,1.6677603778656485e-18,0.0,0.0,1.1016102320848922e-18,4.457862634233537e-18,0.0,0.0,0.0,0.0,2.2597643154917765e-18,1.043922756255302e-18,8.1942859740665235e-19,0.0,0.0
0.0,1.2380428139802484e-18,1.1100404108262648e-18,6.955218796066587e-19,0.0,7.09519892086349e-19,0.0,0.0,0.0,2.169648744299171e-18,0.0,1.2731539843474834e-18,3.215773572339316e-19,0.0,3.03914551874935e-19
0.01342361161960955,0.01342366846493504,0.01342354414213105,0.013423644534793453,0.013423514339435321,0.013423237976290681,0.013423358579563404,0.013423448924036218,0.013423604306870698,0.013423506937096773,0.013423326545708533,0.013423358232375603,0.013423293881548795,0.013423390499233684,0.013423409243456402
0.0,8.459186022819996e-19,0.0,1.7569697952300138e-18,6.211534083321332e-19,2.1066830967967694e-18,0.0,0.0,0.0,0.0,0.0,1.3519482262058226e-18,0.0,0.0,0.0
0.0,5.473604509518366e-19,0.0,2.131938586514745e-18,0.0,0.0,0.0,0.0,1.8694781465508037e-18,3.937349819137323e-19,0.0,1.1078612179438262e-18,0.0,1.6232886312998939e-18,1.0810641415585245e-18
0.009783509654906956,0.009783597054134424,0.009783405968738921,0.009783560117640498,0.009783360304082028,0.009782936460707799,0.009783121388485633,0.009783259875833021,0.00978349819864022,0.009783349006650434,0.009783072060001853,0.009783121102065983,0.009783021728197294,0.00978316994163626,0.009783198913422999
0.021747348603403695,0.021747381867442378,0.021747308855013508,0.021747367611403886,0.021747291248177557,0.021747128057505217,0.021747199098376666,0.021747252771145288,0.021747344133856806,0.021747286841990798,0.02174718036499486,0.021747199443293192,0.02174716128186891,0.021747218151938925,0.021747229116127795
0.0,2.2219385866676365e-18,0.0,0.0,0.0,1.2106314771795929e-18,0.0,1.3013089217268987e-19,0.0,0.0,5.025181888915565e-20,0.0,2.192313337759595e-18,0.0,2.3833927508710096e-18
0.0,0.0,2.277939386226456e-18,0.0,2.4068625120801372e-18,2.307413349539733e-19,4.87350114869068e-19,0.0,3.238187838610311e-19,2.4927161859966182e-18,4.162646202388689e-19,1.3326939492757404e-18,7.316314508364938e-19,0.0,2.5420283270483868e-18
0.0,1.1108390847672567e-19,0.0,2.6450087732023295e-18,1.3046477388860154e-18,0.0,1.9775036287910845e-19,0.0,2.464524084614105e-19,1.4676099200261638e-20,0.0,2.491347822579802e-19,1.874603904518411e-19,4.389663696102532e-18,4.6169828959305836e-18
4.721038540390818e-19,7.28252761736754e-18,0.0,7.470419896887832e-19,0.0,0.0,3.330973227476712e-18,8.763095116070572e-19,0.0,0.0,6.293677592343186e-19,1.923632842090389e-18,0.0,9.698286185217195e-19,0.0
2.904468863129621e-18,2.242085616900171e-19,1.6461993984484828e-18,1.5277606491835678e-18,0.0,0.0,0.0,0.0,0.0,0.0,0.0,0.0,0.0,2.2510977364788273e-18,5.542192288193886e-19
4.261029762931196e-20,0.0,2.641054982606711e-19,0.0,0.0,2.1277532884856366e-19,0.0,9.346701066045347e-19,0.0,1.1729325959951975e-18,9.828579211641045e-19,2.10417115817587e-19,1.963028700528134e-18,2.811415394066985e-19,3.38868419009898e-19
9.886747104493164e-19,0.0,7.15638566873456e-19,0.0,2.460211039730042e-19,0.0,0.0,1.1231558019489712e-18,0.0,1.296729004753789e-18,7.005564538362277e-19,1.5030319888224865e-18,2.2556948323201593e-18,1.1004363206585875e-18,0.0
0.0,0.0,1.6651988236404656e-18,2.253694304744072e-18,8.051500418178516e-19,0.0,0.0,2.177847369897776e-19,0.0,2.3150781312572095e-18,0.0,0.0,0.0,1.4078728866659308e-18,2.659490257808489e-18
0.0,4.500861055822519e-18,1.0562070046873355e-18,0.0,1.7691319643790073e-18,4.800934509699115e-19,0.0,9.807978571783074e-19,1.0606450351270235e-18,2.815848990814822e-18,5.124276210299476e-19,1.7912756873047146e-18,0.0,0.0,0.0
0.0,0.0,0.0,5.939466093638239e-19,0.0,0.0,1.8693738928379883e-18,1.221991242343393e-18,2.2981288001371583e-18,0.0,3.707968732221579e-18,0.0,1.731216438558825e-18,0.0,1.2374876364230744e-18
0.0,0.0,2.0533522075849455e-18,1.1965979796629918e-18,8.996884745126313e-19,0.0,0.0,2.333899535125004e-18,1.0935674817756997e-18,4.065608897426011e-19,1.9762305382143652e-19,2.9752254356131737e-18,0.0,1.591091196470992e-18,1.6983720682072507e-18
1.2895756905187056e-18,0.0,4.085550718848856e-18,1.2272626872667356e-18,4.237281943611899e-18,0.0,3.190239849593273e-18,0.0,0.0,0.0,3.42800026284359e-18,2.4857003492650833e-18,0.0,4.769958416284136e-18,0.0
6.636063924622557e-19,0.0,1.2083682806707373e-18,8.71476865486652e-19,0.0,0.0,0.0,0.0,1.873252280274081e-18,0.0,0.0,0.0,1.4375779415062213e-18,4.2358695138067816e-19,0.0
3.281591185975853e-21,0.0,2.152400211842022e-18,1.2984230282250556e-18,0.0,1.8839887272633145e-18,0.0,1.831136315202214e-18,0.0,0.0,3.7917661027125e-19,0.0,0.0,0.0,0.0
0.0,0.0,0.0,5.946409478850581e-19,1.793587878471164e-18,0.0,7.085317680300672e-20,1.9836469473224177e-18,1.7236727737484327e-20,0.0,1.4109120177863908e-18,3.2547730635485213e-18,3.8280907500859e-19,3.624560502621374e-18,0.0
0.0,0.0,5.555111836227426e-20,0.0,2.1465009247475773e-18,4.0670679445297636e-19,0.0,0.0,0.0,2.0387244966230345e-18,2.3399869447776135e-18,5.710339814769663e-19,1.0025945624217483e-18,0.0,0.0
1.3195506451731376e-19,0.0,0.0,1.123457138207468e-18,0.0,2.8634205708416608e-18,0.0,3.1830007270293565e-18,0.0,7.9485232466026445e-19,6.301780885274991e-19,0.0,3.056866987892647e-18,4.619400548479641e-19,0.0
0.0,0.0,7.856951733384818e-19,0.0,0.0,0.0,7.466133368653366e-19,1.3910291636333015e-18,6.219284963177609e-19,2.776277435454394e-18,3.820715276327919e-19,1.1574402180449004e-18,1.1995538749083041e-18,3.825240200485543e-19,8.997130626408146e-21
1.4903667012606396e-18,3.338773340876471e-18,0.0,1.7650886132851424e-19,0.0,4.42668663380664e-19,5.941296190349167e-19,0.0,1.484905314295176e-18,3.622876737841676e-18,5.500242888862727e-18,1.0407270283906395e-18,0.0,2.365131022966908e-18,9.777217038365774e-19
0.022138091788816063,0.02213818420666164,0.022137981995810508,0.022138145258876397,0.022137933564311305,0.022137483919645765,0.022137680026688644,0.02213782719039485,0.022138079818290666,0.02213792152731538,0.02213762823341652,0.022137679789880668,0.022137574792999593,0.022137731737387794,0.022137762391131657
1.2777894828659814e-18,2.9563234624993116e-18,0.0,7.771870747854827e-19,7.975915892567616e-19,2.985587183692775e-19,0.0,0.0,0.0,2.096772564716169e-18,5.456770601715116e-19,1.1535908963346733e-19,0.0,2.256363027911305e-20,0.0
0.0,0.0,2.9612393280719913e-18,1.506267106952365e-18,1.473590058293096e-18,0.0,6.423523035541743e-19,3.2173640417285507e-19,0.0,3.960695205973868e-19,0.0,2.25854071699378e-19,0.0,1.5550099882198773e-18,0.0
1.223179480642787e-18,1.4643969190752079e-18,2.476329042874619e-19,0.0,0.0,0.0,2.0231623455407142e-18,0.0,0.0,1.2949568268682652e-18,0.0,7.038345307737969e-19,1.327223383356242e-18,0.0,0.0
2.037527405739409e-18,1.7520929716457873e-18,0.0,1.0881475409840049e-18,4.681588490746712e-19,8.279559116859205e-19,2.0406512639292646e-18,0.0,0.0,0.0,5.412387184327075e-19,0.0,3.64907984302127e-18,0.0,0.0
2.1181283932626948e-18,1.4992207939098126e-18,0.0,0.0,2.8104215298116934e-19,0.0,0.0,0.0,0.0,0.0,0.0,0.0,0.0,1.2404358924994528e-18,0.0
0.0009739862924997996,0.0009737455582888715,0.0009742764106821756,0.0009738461941672159,0.000974400271566659,0.0009755779120140713,0.0009750637919085225,0.0009746785039847965,0.0009740180715927496,0.0009744328239797437,0.000975199551873446,0.0009750621636491449,0.0009753377643033413,0.000974928530423253,0.0009748456163697773
0.0,6.89368037752473e-19,0.0,4.1740058277523963e-19,0.0,0.0,0.0,1.2383538902636014e-19,0.0,0.0,0.0,0.0,2.0730121632051092e-18,1.4839918907183908e-18,0.0
0.0,6.964142829430047e-19,2.2865917141865504e-18,0.0,0.0,6.35369398274817e-19,0.0,0.0,0.0,1.6198967802564856e-18,7.447953591181575e-19,0.0,1.8570644352206548e-19,0.0,2.6692282324843987e-18
0.0032478106276559245,0.0032477452357324416,0.003247888271936015,0.0032477729477214477,0.0032479223624369315,0.003248240562173889,0.003248101612131442,0.0032479975149375642,0.0032478189344753833,0.0032479308183404163,0.003248138283508591,0.0032481019926027593,0.0032481761060609237,0.003248065078869656,0.003248043389665387
2.9942579518782414e-19,5.438674637345754e-19,0.0,1.1036384217052123e-18,1.8636599842971685e-18,2.0099958682167087e-20,2.9874766964808274e-19,3.9286676367028147e-19,0.0,0.0,0.0,2.4190543367069947e-18,3.872885911303595e-19,0.0,2.088190124534799e-18
1.0844997261014427e-18,2.896835299780035e-18,4.416465665810672e-18,0.0,0.0,0.0,3.082127289393619e-18,0.0,1.50160696482439e-18,0.0,0.0,0.0,0.0,3.277781725264921e-18,0.0
0.0,0.0,2.5710478039995726e-18,0.0,6.924731208549329e-19,0.0,3.249643361833244e-18,1.0887277774113214e-18,2.1381366814079715e-18,5.571980370320369e-19,1.7415942109843095e-18,0.0,0.0,6.851934710953273e-19,9.226998258757324e-19
5.87700136106299e-19,8.784597006888221e-19,5.493361251471319e-19,1.1350658705654779e-19,2.472997849903113e-18,0.0,2.7098519798565705e-18,3.613892472523536e-18,8.491228512732254e-19,8.731947083928897e-19,0.0,0.0,1.1184347047645047e-18,0.0,1.1986857891737533e-18
0.0,0.0,3.028054303919164e-18,0.0,0.0,3.9463494806014004e-20,4.537609147682459e-19,7.594074419442843e-19,9.278618012776568e-19,2.472098375337306e-19,8.673520748107342e-19,0.0,2.2801079798465127e-19,8.123512191482562e-19,0.0
0.0,4.3386125734711245e-18,0.0,1.6644444333144115e-19,3.90142383911798e-18,3.744041055186754e-18,0.0,8.624911139322851e-19,0.0,4.039821052187093e-18,4.828183618974699e-18,0.0,4.533341684789382e-18,1.4127421123311129e-18,7.994989219897343e-19
0.0,0.0,2.019723298786047e-18,0.0,1.051755387505265e-18,2.882163723787083e-18,0.0,3.62536842979877e-18,9.493001815258133e-19,1.334118891118925e-18,3.648629902333951e-18,0.0,0.0,0.0,1.2230750123468589e-18
0.0,1.4632740592838216e-18,2.5084822862802492e-20,7.118675027551681e-19,0.0,0.0,2.174993310071396e-18,0.0,1.0359118265365847e-18,0.0,0.0,5.846081286919424e-19,1.4694545709745805e-18,0.0,8.015332318038132e-19
2.6091746475859596e-18,9.000154608155532e-19,8.193747598685639e-19,1.5792258254344329e-18,0.0,0.0,1.3238737435369609e-18,1.7077980489113326e-18,2.3164400605925448e-18,0.0,0.0,7.670067327275017e-19,0.0,0.0,4.135392316270238e-18
1.8236528404946808e-18,0.0,0.0,0.0,1.945895083166316e-18,0.0,4.044814815620582e-19,6.318343599082988e-19,8.256860939067333e-19,0.0,0.0,5.367454604527682e-19,1.9213408979961347e-19,0.0,0.0
0.0,3.492413053395754e-20,0.0,0.0,4.670793814743204e-19,7.521439119533794e-19,6.575706721886083e-19,4.679003131740111e-19,0.0,0.0,6.841691164440816e-19,0.0,1.1221693535529967e-18,1.5306137262427998e-18,1.2414899298872767e-19
0.0,0.0,0.0,0.0,0.0,0.0,6.033509554417044e-19,0.0,0.0,2.539710592359182e-18,0.0,0.0,0.0,0.0,1.5465128160247193e-18
6.149206094651587e-19,0.0,1.3021839479268753e-18,9.620608709688918e-19,1.6402233113810642e-18,3.725094658056509e-19,0.0,1.9133714610822485e-18,0.0,1.3858165092121736e-18,5.132767092938933e-19,0.0,1.2165324471850627e-18,1.917755741768043e-18,2.357865755209285e-18
0.0,0.0,1.2075863737405442e-18,0.0,6.76846110591219e-19,3.8577919400940127e-19,0.0,1.7065792432805702e-18,3.636811642789984e-19,1.367712156914799e-18,0.0,1.918429738260714e-18,0.0,1.2676504824106279e-18,1.6315570649303388e-18
0.0,0.0,4.6376282444974506e-20,1.569402300829566e-18,0.0,8.0561632592132045e-19,8.673344537935991e-19,4.274729142718197e-19,1.9291589166825246e-18,0.0,1.8186075445968113e-19,0.0,2.3398044738468888e-18,0.0,2.2372491112853134e-18
0.0,2.110064571823264e-19,3.340118740562197e-19,0.0,0.0,2.807628638173563e-18,1.1825715298558394e-20,0.0,0.0,1.78789751784928e-18,0.0,1.4807628491730528e-18,0.0,7.400981316983624e-19,1.2170679529007473e-18
0.0,3.3149766135325375e-18,0.0,2.1422275268915303e-18,3.835944488304623e-19,9.967914422645818e-19,1.6108335170395174e-18,1.622774033655935e-18,0.0,0.0,0.0,0.0,1.0157506961732744e-18,7.574313099134753e-19,3.75329860279294e-18
0.0,1.8318765765117472e-18,3.0743893214146967e-19,7.694189185852469e-19,6.369635260261547e-19,0.0,0.0,0.0,1.3812292929744658e-20,1.5173525659022695e-18,0.0,0.0,1.7893158857708587e-18,0.0,3.336195967457719e-18
1.6009500668344513e-18,3.849306929684959e-19,5.873179940655231e-19,1.678435251026897e-18,8.036041006929688e-19,0.0,8.212755792912191e-19,0.0,1.9598835376587376e-18,0.0,0.0,0.0,4.894847611329681e-19,0.0,8.223243734766032e-19
0.0,2.242322193767193e-19,3.405545134204141e-19,0.0,1.108648311131034e-19,0.0,0.0,0.0,0.0,0.0,0.0,0.0,1.7605233711125704e-18,0.0,0.0
0.0,2.179796288574301e-18,5.974794311479453e-19,0.0,0.0,7.100832396880302e-19,0.0,1.963933017109146e-18,1.4338494592375638e-18,6.047995583052623e-19,1.2536476261971991e-18,0.0,3.4434508035864775e-19,0.0,0.0
0.0,0.0,0.0,7.251774734085686e-19,1.4096971863973543e-18,0.0,8.881869296086617e-19,1.2682348295820664e-18,0.0,0.0,2.4088650798063365e-18,0.0,5.084191595668464e-19,0.0,0.0
0.0,0.0,0.0,3.640119190008838e-18,0.0,3.9768959714222114e-19,4.009331122399936e-18,1.6570244107494675e-18,0.0,0.0,0.0,4.723267493057639e-18,0.0,4.709759371812112e-18,1.1156400744884893e-18
1.5509865140115713e-18,3.1652859557675432e-18,0.0,2.316883342298382e-19,0.0,1.312535408676619e-18,1.3888537133964737e-18,0.0,0.0,0.0,3.389375331966782e-19,0.0,2.6387755889439405e-18,2.0911701125665486e-18,1.0634698865607693e-18
0.0,3.5671807515909933e-19,8.406866984463966e-19,2.4505590095834554e-18,8.421378600061471e-20,0.0,0.0,4.596341632382451e-19,2.1257808237941148e-19,6.731086420565789e-19,0.0,0.0,1.6411200518577859e-18,3.722371907348338e-19,3.6245168932165296e-20
0.0,0.0,0.0,5.875241336541605e-19,2.1634014748191875e-19,0.0,0.0,1.4523437118294376e-20,6.739786360196976e-19,0.0,0.0,5.215289134065716e-19,2.0205049698757994e-18,1.008142869958721e-18,0.0
2.2707413226081834e-19,3.1300139593115213e-19,7.592827328351569e-19,1.0783657320160615e-18,0.0,2.2411853510404705e-19,0.0,0.0,2.941786674954746e-18,9.980184419760104e-19,0.0,0.0,0.0,2.0629426125316738e-19,0.0
4.1406377982847996e-19,0.0,2.7391273557462425e-18,0.0,6.710638690980069e-19,0.0,0.0,0.0,6.988851019921506e-19,0.0,0.0,8.201499469581454e-19,0.0,2.5437838040953e-19,6.242321459796042e-19
0.0,2.672180588717171e-18,7.675202630708117e-20,1.950502475680788e-19,0.0,0.0,3.773883338550244e-18,0.0,1.5458438130168121e-18,2.301068663181028e-19,0.0,3.7025223903762936e-19,0.0,0.0,0.0
8.93864775141199e-19,0.0,0.0,6.665079734940666e-19,3.6544305138020145e-18,1.538456845437089e-18,0.0,0.0,1.4052453213502832e-18,3.3076112941136345e-19,4.632321636704062e-19,0.0,0.0,1.9317475318123577e-18,0.0
1.932827993087524e-18,1.4380622587087613e-18,0.0,3.2140974561457233e-19,0.0,0.0,0.0,1.7195331319440754e-18,0.0,0.0,0.0,0.0,1.006090701253786e-18,2.831516459285346e-18,1.3067797648348803e-19
0.0,1.8347240351147224e-18,0.0,0.0,0.0,3.5946275578003583e-19,0.0,0.0,0.0,0.0,4.2907555783186126e-19,0.0,0.0,0.0,1.424847213105245e-18
6.727706043696679e-19,5.823358872660309e-19,5.747039581318939e-19,3.655612808913769e-19,1.1334933074635804e-18,6.425983016103046e-20,4.075378492715782e-19,0.0,1.0406004604892593e-18,2.734432357857278e-19,0.0,6.733888016227468e-19,0.0,8.693305957606881e-19,7.273089478934791e-19
0.0021140986119437947,0.002114262471284205,0.0021139038233865225,0.0021141932687829103,0.0021138182022911933,0.0021130193211418027,0.00211336800742471,0.002113629216664912,0.0021140773295439835,0.0021137970339870056,0.0021132756621898394,0.002113367396869454,0.0021131810473797607,0.0021134597841724746,0.0021135142550178163
1.5443697006944137e-18,4.395204728764197e-19,1.0677824692269682e-18,4.603025448952633e-19,0.0,0.0,7.613618773289963e-19,9.625454050957905e-19,0.0,0.0,0.0,0.0,2.930508455098943e-18,2.6263676739743184e-18,1.7575348657078847e-18
0.0,1.398282948827316e-18,4.766703169479365e-18,1.957962356001914e-18,2.6049419261248647e-18,0.0,0.0,0.0,9.69901195277007e-19,2.423858227040234e-18,4.145981595050553e-18,7.344277369974237e-19,7.913580450341861e-19,9.02968913802233e-19,1.0485461665914273e-18
0.0,0.0,0.0,0.0,0.0,0.0,7.680524503815977e-19,0.0,0.0,0.0,0.0,5.942112613123894e-19,2.026524431323155e-18,2.5524565038133803e-18,1.9717413852063996e-18
8.175853278747249e-19,1.1402429301122741e-18,0.0,0.0,0.0,0.0,0.0,0.0,2.9705849402901965e-18,1.8480828255646278e-19,0.0,2.373286030193598e-19,0.0,0.0,1.4737927293904737e-18
1.5404882811628268e-18,1.0068397010390203e-18,2.6366377261051824e-18,4.969088394964729e-19,0.0,1.9532313044665348e-18,2.3601843775236636e-18,0.0,1.1943552282219126e-18,0.0,1.1882076410300472e-18,1.4320777122647267e-18,2.3599131204927816e-18,0.0,0.0
1.0550029540165073e-18,0.0,9.24898695883956e-19,2.106181529238458e-18,0.0,0.0,0.0,9.05466406160711e-20,0.0,7.281275035178054e-19,2.648709415553412e-19,1.1311956594287226e-18,0.0,0.0,0.0
0.0,5.345105398071708e-19,2.9767696493067903e-18,0.0,3.840634446294211e-19,0.0,2.4851402886743122e-18,0.0,0.0,0.0,7.06161381416932e-20,0.0,0.0,2.3968852198133845e-18,2.256449062383366e-18
0.0,0.0,0.0,1.1077104111455343e-19,0.0,0.0,1.1281498177935471e-18,0.0,0.0,7.168347362384569e-19,8.437964995561158e-19,1.0590240935830922e-18,2.0842056667751305e-18,4.183060933150237e-19,0.0
1.2813805270140836e-18,0.0,0.0,1.835807124698325e-18,4.8564663978517516e-20,3.065648639091272e-19,2.6552186963099866e-18,2.115909687502665e-18,0.0,2.1597440549754036e-18,0.0,1.441090307182054e-18,3.055737336281283e-18,0.0,0.0
5.224943812821976e-19,0.0,3.091028178516095e-19,0.0,0.0,2.048348225122934e-20,0.0,0.0,1.0318232051514057e-18,0.0,9.83209274320229e-19,4.263211654577558e-19,0.0,0.0,0.0
1.0072076715800827e-18,1.3274151204508719e-18,7.766892356652358e-20,2.8635365685011305e-19,8.88549027809086e-19,0.0,1.5807042958716883e-18,1.74139519417844e-19,9.81076590586534e-20,1.4309103983592044e-18,0.0,0.0,0.0,0.0,0.0
1.0928917886126495e-18,0.0,0.0,0.0,0.0,0.0,1.8836036602428213e-18,4.141477211270263e-19,8.976513594608599e-19,0.0,4.543841234053307e-20,0.0,0.0,0.0,1.065456171008285e-18
1.1969851792606659e-18,0.0,0.0,1.2554397178979311e-18,1.0937657777856229e-18,0.0,0.0,0.0,7.262038133011112e-19,0.0,1.3082181685815424e-18,7.07872946686914e-19,2.321964795165978e-18,0.0,5.617507382821037e-19
0.0021085007371891185,0.0021085060658919026,0.0021084946553669107,0.0021085036634242,0.0021084917781922,0.0021084658375784093,0.0021084774561866033,0.0021084858380311603,0.0021085000510931125,0.0021084913337662044,0.0021084742494545876,0.002108477484918109,0.002108471226012614,0.002108480194941552,0.00210848213491138
3.0024492999438587e-18,1.2134784793951899e-18,0.0,2.5027119103125938e-18,1.8976688901501938e-18,3.8726421695341064e-19,2.259114315579038e-18,0.0,0.0,0.0,0.0,2.206459396713449e-18,0.0,0.0,0.0
0.0,0.0,1.1076535939070388e-18,0.0,0.0,0.0,3.532625099615613e-19,1.3341395709658836e-18,0.0,0.0,0.0,1.9842318401895795e-18,0.0,0.0,0.0
4.497739580300057e-18,0.0,5.374984166802219e-18,0.0,2.2052201154892225e-19,0.0,0.0,0.0,0.0,0.0,1.4047295858901432e-19,0.0,0.0,2.589508831356938e-18,0.0
0.0,8.807714989277154e-19,0.0,1.3170362740984739e-18,0.0,2.3337217356447518e-19,0.0,0.0,8.134583448124903e-19,0.0,1.5224210214172079e-18,0.0,1.216598622657719e-18,0.0,1.1885452340589503e-18
0.03761912759426202,0.037619227340370924,0.03761900934390832,0.03761918523992117,0.03761895784463946,0.037618474534425746,0.03761868525649156,0.037618843441942044,0.03761911439925621,0.037618944858702326,0.03761862929606663,0.03761868499694567,0.03761857216185325,0.03761874088431411,0.03761877380362264
1.4582007840406422e-18,0.0,0.0,0.0,2.288270145222781e-18,0.0,1.0122434175154094e-18,0.0,0.0,1.4864353701392528e-18,0.0,5.441714774304409e-19,4.832217356487426e-19,5.426747785337255e-19,0.0
0.0,0.0,8.428829718097499e-19,0.0,0.0,9.825606985729435e-20,0.0,7.663618413178533e-19,0.0,2.302159497019324e-19,0.0,0.0,0.0,1.1702511391808277e-19,0.0
0.0,1.499646654845939e-18,1.280835299943394e-18,2.6901657879256824e-18,0.0,0.0,0.0,0.0,2.0585729554538105e-18,2.4144350974697902e-18,3.056875139620975e-19,1.1410550933300579e-18,5.062829936047597e-19,0.0,4.831207506249083e-18
6.931625056783998e-19,1.8820170971076025e-19,1.6115640595010546e-18,0.0,0.0,0.0,8.799177018420802e-19,1.216727938437587e-19,6.414293172994854e-19,3.352116959544831e-18,0.0,1.6070769930032831e-18,0.0,4.471830338898347e-19,1.7408546719063205e-18
1.746529483003687e-18,1.0063266034906436e-18,4.551789973798847e-19,0.0,2.4206697566690165e-20,0.0,1.7183543927290936e-18,0.0,1.6535797341454428e-18,0.0,8.485010526391467e-19,1.6069714966386277e-18,0.0,7.367035393692066e-19,0.0
0.002013195397613484,0.0020131295432997886,0.0020132737510716713,0.0020131574475819236,0.0020133081696589827,0.0020136284465836407,0.0020134887324248243,0.002013383876642063,0.0020132039381362487,0.0020133167502538658,0.0020135258501281813,0.00201348883003184,0.0020135636875218015,0.0020134517862279567,0.0020134300213857353
0.0010181514716747857,0.0010172033772566599,0.0010192760425531274,0.001017602670259853,0.0010197701280102022,0.0010243771789113956,0.0010223675894086028,0.0010208598161273543,0.001018271810777151,0.0010198944566012814,0.00102290073821594,0.00102236975765632,0.001023445383809413,0.001021837986625453,0.0010215252001019616
0.0,4.0234042237424346e-20,2.568909360007435e-18,7.059631298600973e-19,0.0,0.0,0.0,9.039092010232772e-19,0.0,6.59183569595844e-19,1.713009958899641e-19,4.411202787479116e-19,0.0,0.0,6.949633122212779e-19
0.0,0.0,0.0,6.849525170022265e-19,1.9788379110004158e-19,1.1732815704058993e-18,0.0,6.030039800497229e-19,0.0,0.0,0.0,0.0,3.7377829989776483e-19,0.0,6.785316063017829e-19
0.0,0.0,0.0,0.0,1.5821087519589976e-19,3.0154619343142375e-19,1.065493654717883e-18,1.5762407960580375e-18,0.0,0.0,6.333988510971583e-19,3.390625193460312e-19,7.757276357224633e-19,8.5829429760611455e-19,0.0
0.009868279792918858,0.009868217690861799,0.009868354016274596,0.009868243825745193,0.009868386402951825,0.009868690929405758,0.009868557898892712,0.009868458380857354,0.009868287825571689,0.0098683945340588,0.009868592981302866,0.009868558101660348,0.00986862904244997,0.009868522814054344,0.009868502225704729
0.0,5.0463505024935145e-18,2.321350121008235e-18,0.0,0.0,1.1803434667542823e-18,0.0,1.740834575990509e-18,0.0,2.0832691244369014e-18,2.7578704608927656e-18,1.3930900260619109e-18,3.1875400057286285e-18,0.0,0.0
2.146760329675846e-18,1.0828392672453998e-18,0.0,0.0,6.341715398473173e-19,9.889226444735038e-19,0.0,0.0,0.0,0.0,0.0,1.0694024360769925e-19,1.9396837120349338e-19,0.0,9.461897367160775e-20
2.235484945203172e-18,0.0,0.0,0.0,0.0,9.753946243552225e-19,0.0,1.1733019029609508e-18,0.0,0.0,2.9708156410618643e-18,0.0,5.4577137571108635e-18,1.3544397044406208e-18,5.210591689919578e-18
2.103201248605816e-19,0.0,4.8773993611894777e-20,2.4448912342695316e-18,9.941607464922444e-20,0.0,0.0,7.986744567789677e-19,0.0,0.0,0.0,0.0,0.0,0.0,8.380485402344129e-19
0.0,8.009057456850595e-19,2.420349157427755e-19,1.9737524506920114e-18,0.0,1.3937717944578546e-18,0.0,1.376705922286585e-18,3.71274427592369e-19,9.602987710895076e-19,9.435282437788286e-19,0.0,1.0245555305796232e-18,0.0,0.0
0.014662355590398347,0.014662327659574155,0.014662388425923706,0.0146623395807811,0.014662402940857692,0.014662537496767554,0.014662479101628498,0.014662434905096252,0.014662359090521063,0.014662406626710433,0.014662494587617996,0.014662479177760167,0.014662510440070914,0.014662463475348997,0.01466245435852858
0.0,5.965257146426048e-19,2.3234752333600764e-19,0.0,1.1139886106959473e-18,0.0,0.0,1.470912593462266e-19,2.3878947091707074e-19,0.0,6.713773152333273e-19,0.0,0.0,1.1754948132426133e-18,1.4041845246512917e-18
0.0,0.0,0.0,1.2682571140478088e-18,0.0,3.179474908371716e-19,7.287057067413243e-19,0.0,0.0,0.0,0.0,6.99199654470197e-19,1.584520881464063e-18,0.0,4.38620671116393e-19
0.0,1.3499147395851103e-18,0.0,0.0,0.0,1.5025021589024663e-18,7.990794046830189e-19,1.612317828661774e-18,0.0,7.441268678858252e-19,0.0,6.379726252009332e-19,0.0,0.0,7.940314393238045e-19
0.0,0.0,0.0,0.0,0.0,0.0,0.0,0.0,0.0,0.0,4.643422411199025e-18,1.7334748394349778e-19,0.0,9.15172182988835e-19,0.0
2.2090726562774063e-18,0.0,7.296296806388958e-19,3.972807045939019e-18,1.6649910072073288e-18,1.3241424594679775e-18,1.5598010371039543e-18,0.0,7.314668547537288e-19,0.0,0.0,2.981460271649855e-18,2.4763571631496567e-19,0.0,1.73128585979591e-18
0.0,0.0,9.590321492430846e-19,0.0,6.137345216256705e-19,2.0153684539447196e-19,2.0996332157011164e-19,0.0,1.7422851207539832e-18,9.611523516544044e-19,1.0404490539112367e-18,4.890994503860536e-19,0.0,0.0,0.0
1.5864040060598086e-18,1.109893089493659e-19,0.0,0.0,1.822275775132408e-19,0.0,4.994195950758172e-19,0.0,1.4411270839126955e-18,0.0,1.4640373505420372e-18,0.0,0.0,1.1374613782908243e-18,0.0
0.0,0.0,5.166785649263906e-19,3.1076722590126743e-18,1.5313091697555097e-18,1.7300282935318574e-18,0.0,7.879546307546097e-20,1.474688171866799e-18,0.0,0.0,2.3132008805423113e-18,0.0,4.976624801362697e-19,0.0
0.0,0.0,0.0,8.476240835691146e-19,0.0,1.8331439743434222e-18,0.0,0.0,0.0,0.0,0.0,1.7155052350395512e-18,0.0,0.0,1.0726729173328743e-18
0.0,0.0,6.495106712611064e-20,0.0,1.491797956875191e-18,0.0,0.0,0.0,2.4179626375520625e-18,8.165065288716459e-19,0.0,1.221801521970897e-19,0.0,1.2182349300988238e-18,3.6519277763488707e-19
6.214361819855377e-19,0.0,0.0,1.2774123516224023e-18,4.000231886113187e-19,1.3291166439015247e-19,0.0,0.0,1.0056024041815456e-18,0.0,3.55964275366634e-20,0.0,0.0,2.980911675280059e-19,6.329223334288664e-19
3.726146953138614e-19,0.0,8.291831668551061e-19,1.9639932104364153e-19,1.4872276649208477e-18,0.0,5.467387978643752e-19,0.0,0.0,8.006878190511319e-19,0.0,0.0,0.0,0.0,0.0
7.032286528813815e-19,0.0,0.0,6.753951111955024e-19,0.0,0.0,0.0,2.680404477254356e-19,1.9416737434943288e-18,4.0265125911744793e-19,2.4910364873584177e-18,0.0,1.6391921065307462e-19,0.0,2.098965749074861e-18
1.096550162561261e-18,0.0,0.0,5.623451813329334e-19,0.0,0.0,4.310569867624046e-18,2.71219450757521e-18,1.6898039885506173e-18,3.8648492453171236e-19,6.641365026907715e-20,1.0974590978278938e-18,6.766605406035362e-19,3.0433235396663845e-19,4.94655734949403e-18
0.05119735970525172,0.05119740025685642,0.0511973118955859,0.05119738322905138,0.05119729033288609,0.05119709475976569,0.05119718012848995,0.0511972440643014,0.05119735436542739,0.05119728521164601,0.05119715776711743,0.05119718038128633,0.051197134627406674,0.0511972027470567,0.05119721626634855
0.0,1.7323438552783013e-18,0.0,2.0692859638690244e-18,5.90055292485767e-19,4.0288751156902913e-19,1.0236508952378923e-18,1.1315293255973684e-18,0.0,0.0,1.113126506758489e-18,0.0,3.2905528034177917e-19,2.4267174424334373e-18,0.0
2.0879000505872778e-19,1.5660107245689016e-18,0.0,8.403091707396941e-19,0.0,1.1607593075321938e-18,0.0,1.0613132745468297e-18,0.0,1.4148971868956519e-18,1.3057124988742315e-18,1.4011638913130374e-18,4.567082271195991e-19,6.016099724532546e-19,1.6200754959861166e-18
0.0,0.0,0.0,0.0,5.414673088683922e-19,0.0,0.0,0.0,0.0,0.0,9.185256393043179e-19,1.4088932809065051e-18,0.0,0.0,0.0
8.75181689204363e-19,0.0,0.0,0.0,4.375422422779515e-19,0.0,0.0,1.5912910247570374e-18,0.0,0.0,5.47636215629384e-19,5.456659959958999e-19,0.0,4.725359133243565e-19,7.412964310579676e-19
0.0,4.520123425165263e-19,2.0883992647763797e-19,0.0,3.544212011454507e-19,1.3106137026089242e-18,0.0,0.0,0.0,1.7021898658778153e-19,0.0,1.5601934207634302e-18,3.7300117697600297e-19,1.5728119086126856e-18,0.0
0.0,0.0,0.0,0.0,0.0,0.0,2.073588970338623e-19,7.708157148893559e-20,0.0,2.7023012352011952e-20,5.497946549395544e-19,0.0,1.9724370913829069e-19,1.723959284371905e-18,0.0
2.6270662359908684e-18,0.0,2.671243035211918e-19,0.0,4.0631784330255294e-19,1.5667326963189561e-18,0.0,0.0,9.66373751116241e-19,0.0,3.9068932413621526e-19,0.0,2.0478912621229734e-18,3.127513828610501e-18,0.0
0.02446163805883238,0.0244616483120069,0.0244616260657871,0.024461643807003886,0.024461620612344723,0.024461571858878227,0.024461593414360158,0.024461609033731933,0.024461636781493865,0.024461619542526444,0.024461587465314814,0.024461593232066273,0.024461581780987837,0.024461598810246638,0.024461602105369195
4.96412015264576e-19,0.0,2.2239366830272587e-19,5.391922014844125e-19,9.067352313254584e-19,6.009968063568497e-19,9.396517358548594e-19,0.0,0.0,0.0,2.7025602255052764e-18,9.074274637503258e-19,0.0,6.031044336135116e-19,0.0
0.0,2.5337680092210457e-19,2.0281840643895113e-18,9.10253498433741e-19,2.0485142741922692e-18,2.664111318510206e-19,4.810820279207499e-19,3.9712031676059017e-19,0.0,1.8177629305881398e-18,4.628722715912828e-19,1.6099616740065283e-18,0.0,9.902136287275134e-19,1.241610620676184e-18
0.0,0.0,0.0,6.364158993843653e-19,0.0,0.0,5.352503350475177e-19,9.024915140483587e-19,0.0,0.0,0.0,0.0,0.0,0.0,0.0
0.03746536101467816,0.03746545614949282,0.03746524907626729,0.03746541603702714,0.037465199466788585,0.037464740388434364,0.037464940384398966,0.03746509065236432,0.03746534906527976,0.03746518709262494,0.03746488750033475,0.03746493998439346,0.037464832978040784,0.03746499324839129,0.03746502455711399
1.1020126116593248e-18,0.0,1.2188242621833374e-18,2.3640321862348087e-18,2.4942633727224733e-18,1.5088794758765042e-18,1.4446715215552981e-18,1.9221538885037746e-18,1.198232714420821e-18,0.0,4.244724862136148e-19,0.0,2.0733074646928298e-18,1.9250664409238223e-18,0.0
0.0,3.051711478121322e-18,3.4278293166407887e-18,0.0,1.8232420795156184e-18,0.0,4.594697673486782e-19,0.0,0.0,0.0,4.9164798665207325e-18,1.996964867918843e-18,0.0,2.0020791163662932e-18,0.0
7.2820184775663255e-19,0.0,0.0,8.74824322469899e-19,3.8712056968020206e-19,0.0,5.097858613376223e-19,4.404798262026834e-20,6.482100602790782e-19,0.0,9.230128509030443e-19,9.77618404107193e-20,3.8082206765366897e-19,2.554760644936876e-18,0.0
0.008663634379978564,0.008663491174455543,0.008663804367001286,0.008663551594335623,0.008663879162284251,0.008664576795976096,0.008664272319294073,0.008664044315383828,0.00866365283326906,0.00866389777610702,0.008664352997909679,0.00866427320204952,0.008664435937430109,0.008664192479197405,0.00866414495595124
0.0,0.0,0.0,0.0,0.0,6.987238277957865e-19,0.0,2.531218776693986e-18,1.1811078670163136e-18,8.217950308933755e-20,0.0,5.105692078180582e-19,1.4956871981190025e-18,2.4796242930220475e-19,0.0
4.5915432510370484e-18,0.0,0.0,2.2677306301579676e-19,0.0,1.9349315108230334e-18,4.453853738331164e-21,0.0,0.0,2.7504294763531504e-18,0.0,0.0,2.7448886974127737e-19,2.2508193399599788e-18,0.0
0.0,1.607283086352383e-19,0.0,4.738131121657974e-19,0.0,3.2704043985623014e-19,1.4905551127976554e-18,0.0,4.806523349756113e-19,0.0,4.4491065135438015e-19,3.6601949064158624e-19,0.0,6.717907977072723e-19,0.0
1.9435518693843504e-18,1.932968810620593e-18,6.545467040716951e-19,0.0,0.0,0.0,0.0,0.0,0.0,0.0,9.692887630987147e-19,0.0,5.879517221188369e-19,7.570118013426399e-19,4.662181512481439e-19
1.707194025397433e-18,0.0,6.814831983166352e-19,1.5535536994628065e-19,1.6532374957059982e-19,0.0,0.0,1.5155677870698248e-18,2.714898030974804e-18,0.0,1.5220693513070453e-18,0.0,1.8059197345285446e-18,1.1952512978938156e-18,0.0
1.1939792232773055e-18,3.74019374076794e-19,0.0,7.744826267585133e-20,1.5453879502357228e-18,0.0,2.4058445067404547e-19,0.0,1.0937374252752582e-18,0.0,0.0,1.1338498531399205e-18,0.0,1.1545937026668985e-18,0.0
0.0,7.804477719997232e-19,9.934598256744482e-19,2.0014359387884407e-18,2.483904939263855e-18,6.088939232188459e-20,2.7275039308369228e-18,4.200843400058632e-19,4.116079090710145e-18,0.0,7.376898247519269e-18,5.238741514983872e-19,1.3703967178988043e-18,1.1076025357301756e-18,0.0
1.2336719231899148e-18,0.0,0.0,1.4950314627838052e-18,0.0,0.0,1.6067819067200042e-18,1.228373892677566e-18,0.0,0.0,1.5961980243321267e-20,1.4507538801055203e-18,0.0,0.0,1.5886782399277258e-19
1.2005541332107432e-19,0.0,0.0,1.125655604684601e-18,0.0,5.7748176164405945e-19,1.0318941306588589e-19,0.0,0.0,0.0,3.7960917420777784e-19,9.446403005417394e-19,6.132659462694414e-19,0.0,6.126646072774383e-19
3.7647569029168467e-19,3.6924136125750295e-19,0.0,0.0,0.0,0.0,0.0,3.1270678305570675e-18,6.326998532069346e-18,0.0,4.1970638646030015e-18,3.8363476855118855e-18,0.0,1.4747162649794102e-18,0.0
1.980286542463593e-18,9.430204483169047e-19,1.5481581159096898e-19,1.1422319590237721e-18,0.0,0.0,0.0,0.0,4.176871242420938e-18,2.2179114633421567e-19,0.0,0.0,0.0,0.0,2.50546287617278e-19
0.0,8.991531418022841e-20,3.7547591884619497e-19,1.62592859619213e-18,8.403643616130923e-19,0.0,1.2417410856244985e-19,0.0,4.789249334135151e-19,0.0,4.300844831456582e-19,1.1642399247645063e-18,0.0,0.0,9.574425011446704e-19
0.05971428812422221,0.059714519849270314,0.059714013517993006,0.05971442200786408,0.05971389244872155,0.05971276790665395,0.05971325833305447,0.05971362599994046,0.059714258313809644,0.059713862391439464,0.05971312824902113,0.059713257688481215,0.05971299500503613,0.0597133878358683,0.05971346421315825
0.0,2.785364526747668e-18,0.0,0.0,0.0,1.1660897046265052e-18,0.0,0.0,1.59583379020877e-18,1.0015299918917726e-18,2.085121770471709e-18,3.879105083392728e-18,0.0,1.4896647713224732e-19,9.392420825769183e-19
4.2703992136174974e-19,2.3109775817431826e-19,2.764903082427945e-19,4.427485684591636e-19,0.0,7.778271454313271e-19,1.184191842828271e-20,0.0,0.0,0.0,0.0,1.4663403487863366e-18,0.0,0.0,0.0
0.0,2.400589050175239e-21,0.0,1.6885217944546097e-19,0.0,3.902348313059231e-19,0.0,5.915510394567881e-19,0.0,0.0,0.0,4.986301976412882e-19,2.598364295467132e-19,0.0,7.705166641497119e-19
0.0,0.0,0.0,0.0,0.0,0.0,5.739736759163978e-19,9.010521528715715e-19,0.0,0.0,0.0,7.790016736018311e-18,0.0,1.2484096015176001e-18,0.0
0.0,2.1178248876421065e-18,0.0,5.549135965502144e-19,4.817687765886487e-19,0.0,6.664003591116621e-19,2.1241145039023893e-19,1.0308248398370343e-21,0.0,3.0152194237395e-19,1.083797655036293e-18,6.920371915831829e-19,0.0,1.3102452789847883e-19
0.0,1.5091927268564046e-18,1.1629028393683136e-18,1.7867633448398377e-19,0.0,0.0,1.3396293883217748e-18,8.853124359607178e-19,2.6610288901954107e-19,0.0,0.0,8.070343717023448e-19,4.455544182300842e-19,0.0,7.0464713756360225e-19
0.0,0.0,1.2094190374165277e-18,0.0,0.0,1.3352283669182406e-18,0.0,2.9256765408977522e-18,1.6769435916669116e-18,0.0,0.0,1.3579396323606252e-18,1.3504314454753844e-18,7.645146263259574e-19,3.9216760999739336e-19
1.2485648521461272e-18,0.0,1.1803720967381076e-18,0.0,1.6923986501545029e-18,0.0,0.0,0.0,0.0,8.8942790132452e-19,0.0,0.0,0.0,2.030036478605606e-18,0.0
1.0871718042690032e-18,4.813984144017782e-20,0.0,0.0,0.0,0.0,1.8477649482570875e-18,0.0,2.0529266273217185e-18,0.0,6.9520699847329975e-19,9.041364887285942e-19,0.0,1.8651318842784655e-19,5.41294493087535e-19
0.0,0.0,4.2153145596573156e-20,4.679681131124249e-19,1.0801354277949883e-19,0.0,0.0,0.0,0.0,1.8055165080077207e-18,3.679566569247198e-18,1.0290622507954722e-18,5.863888716421666e-18,9.338813535062129e-19,1.1727176040657636e-18
1.24979801991132e-19,0.0,4.177057565547666e-19,3.6057934607573476e-20,1.9651316692421813e-19,2.1540174475811937e-19,0.0,8.615732074528114e-19,0.0,4.3275329783340964e-19,1.0537677086583299e-19,5.503898237164627e-19,1.461062091826659e-19,1.457239357982222e-19,0.0
5.053498883142297e-19,2.599442122510559e-19,0.0,2.6338923006779077e-19,0.0,1.92352525792593e-19,1.7371362112711945e-18,0.0,1.7498579403439736e-18,0.0,0.0,1.5822638845956784e-18,2.173056783595326e-18,0.0,1.97124208390553e-19
0.0,1.6072844451039272e-18,1.161556593589718e-18,0.0,0.0,7.877785203462499e-19,0.0,0.0,0.0,5.180622551390772e-19,1.3652535406126829e-18,2.732069189010035e-20,0.0,0.0,0.0
0.0,2.5600938648896444e-18,0.0,0.0,0.0,0.0,0.0,0.0,0.0,3.7340119966267166e-19,1.2567422776561094e-18,0.0,3.0686027717092377e-18,3.0257506506111953e-19,1.437831312359058e-18
0.0003543217808865595,0.0003527210245165939,0.00035622489087631785,0.0003533945091121855,0.0003570619064335273,0.0003648692240112877,0.0003614640168039414,0.0003589098503985885,0.0003545279144377578,0.0003572715893189629,0.0003623654045002546,0.0003614681217092891,0.00036328995128868946,0.0003605642012940683,0.0003600348164353841
3.6483697964537684e-20,0.0,1.172355367083965e-18,0.0,2.5518661715385098e-18,0.0,1.036501631665097e-18,0.0,0.0,0.0,0.0,9.34965527139054e-19,0.0,0.0,1.2199812309948497e-18
0.0,0.0,4.952082600812659e-19,0.0,2.628552084294256e-19,1.4963197480377511e-19,2.7302450150499264e-18,9.488896464403969e-19,2.0048957807142055e-19,0.0,0.0,0.0,0.0,0.0,4.937145065301582e-19
1.2757812858334058e-18,0.0,0.0,0.0,0.0,1.0544585866179434e-18,3.642271489538647e-19,6.686248553983893e-20,0.0,0.0,1.5097361713791549e-18,0.0,0.0,0.0,0.0
8.636142123901258e-19,5.13026659457998e-19,0.0,0.0,2.5094822009994667e-18,0.0,1.2402468893428038e-18,0.0,1.2921771727382163e-18,0.0,1.4709582394395392e-18,4.454705521763985e-19,0.0,8.745876552790276e-19,4.3084694546875803e-19
0.0,2.839009039157252e-18,5.993412553215176e-19,0.0,4.741471626018664e-19,2.6882927940556084e-19,0.0,0.0,0.0,1.0376069761291817e-18,0.0,1.1852034249759802e-18,0.0,0.0,0.0
0.0,7.8366058787230895e-19,3.4535970908552396e-19,0.0,0.0,8.331967313089323e-19,9.532664260237339e-19,6.880767899575124e-20,0.0,1.496191948457562e-18,1.5496977059272097e-19,0.0,3.5751075809473746e-20,1.4819945354501625e-18,0.0
4.187663042299673e-18,0.0,7.183789426023136e-19,7.031277705232492e-19,1.1499940789154021e-18,9.980861279100283e-19,4.706982363301346e-18,1.18594691748395e-18,3.572144190825654e-18,9.986939516286853e-19,0.0,0.0,0.0,1.484450449524409e-18,0.0
2.789166728461715e-19,0.0,0.0,3.0110240594130517e-19,0.0,2.2419411614153664e-19,1.142689628613501e-18,0.0,0.0,0.0,0.0,6.267772381300129e-19,0.0,0.0,8.248031510229318e-19
0.0,0.0,0.0,0.0,0.0,0.0,0.0,0.0,3.3921490938928533e-18,3.997182083354909e-18,0.0,2.0484561463678437e-18,1.4695614794581385e-18,0.0,0.0
0.0,0.0,9.353745705603452e-19,2.7673694712907053e-18,7.398675354261897e-19,1.7939737355028912e-18,3.1710790859340545e-18,0.0,0.0,1.1665860464606965e-18,0.0,3.410153162788282e-18,4.807096626134397e-19,4.30569164666773e-18,0.0
0.0,0.0,2.633740097618849e-19,0.0,1.5544897332570285e-18,2.5748810405404295e-18,4.610194048883575e-19,1.1333526854602703e-18,7.618241084522012e-19,0.0,1.1415527646874465e-18,0.0,2.908691289113957e-18,0.0,1.2370652382200666e-18
0.0,0.0,6.6267650945572155e-19,0.0,0.0,0.0,0.0,0.0,1.300211272112291e-18,6.985323073797606e-19,2.4117834547951325e-19,0.0,3.118492505249378e-19,0.0,8.848416965735017e-20
3.2294045909653235e-15,0.0,0.0,0.0,0.0,0.0,0.0,0.0,1.0020196478111032e-14,2.3225778938984476e-15,0.0,1.7750557967932679e-15,3.4267293863576853e-15,0.0,5.355958732078392e-15
2.177891113980257e-16,1.1625357794475821e-16,1.3444106938820255e-17,7.09881372434884e-17,2.1694885471434944e-16,0.0,0.0,3.181591275158713e-16,0.0,0.0,0.0,0.0,0.0,3.298414059244026e-16,0.0
0.006192926541658781,0.006192778493314422,0.006193102953066563,0.006192841030320236,0.0061931801394959985,0.006193901179185757,0.006193586696573531,0.0061933509569910145,0.00619294584072984,0.0061931994409050225,0.0061936698626139175,0.0061935872284288864,0.006193755776550431,0.006193503897372797,0.006193454841040394
0.0011881503509725223,0.0011880230082745534,0.0011883012812522625,0.001188076536516802,0.0011883680128780695,0.0011889877331547932,0.001188717800093311,0.0011885149031011452,0.00118816678934938,0.0011883846224209804,0.0011887892284889639,0.0011887180312978533,0.0011888624167084734,0.0011886460419503237,0.0011886043058465666
4.5440682467482515e-18,2.9182055789904883e-19,7.1057673517783985e-19,0.0,0.0,2.0665875087815574e-18,0.0,0.0,2.706913179389742e-19,0.0,1.4678060071208944e-18,5.08281418031713e-19,0.0,2.5778219748098612e-18,6.516705797412823e-19
3.108881122725771e-20,0.0,3.7348468159881356e-20,1.4638434655996647e-18,1.3966782008603557e-18,6.415847827987054e-19,1.0974643594263646e-18,0.0,6.583684116528898e-19,0.0,0.0,0.0,1.1072524977154936e-18,1.5181921869173045e-18,2.6892966497517706e-19
0.0,0.0,0.0,0.0,0.0,0.0,0.0,5.590477241643501e-19,1.2791228692933893e-19,0.0,1.6409232366974386e-18,0.0,0.0,2.358173838940996e-18,0.0
0.0,0.0,0.0,6.207904976075973e-20,0.0,7.691775789355252e-19,2.0710697836197436e-19,0.0,0.0,8.625050077446905e-19,0.0,0.0,0.0,3.308699739734645e-20,0.0
1.0625049509351437e-18,1.086299313664934e-18,1.7097051479628553e-18,7.624197149810047e-19,0.0,2.259112297401381e-18,1.2401954333904183e-18,0.0,7.207428845289209e-19,0.0,5.5316349577937785e-19,0.0,1.0643722600174245e-18,7.597344369072692e-20,1.8274304352708467e-18
0.0,1.429075954540652e-18,1.443272359976155e-18,1.1942561030910238e-18,0.0,1.072912998811365e-18,1.8059042512829055e-19,0.0,3.001618241675954e-18,0.0,3.3197600729431976e-19,2.2510439393924282e-18,0.0,9.767087120604812e-19,4.541989137368734e-19
1.0729044127028367e-18,0.0,4.877168592608531e-19,1.6295521154206558e-18,6.587752709312509e-19,9.058596027565081e-19,2.896920120555408e-19,1.282470047961287e-18,0.0,0.0,0.0,0.0,0.0,8.7275895037107e-20,0.0
9.415782747313507e-20,0.0,1.088042594617169e-18,1.6859843444740457e-18,0.0,1.1485885106375257e-18,0.0,4.05874318737326e-19,0.0,9.077526412658336e-20,4.037824451174365e-19,3.3007277515223348e-18,3.956848477110724e-19,1.7205013865044329e-18,1.4402304070978218e-18
6.591952378432419e-19,7.719686976450929e-19,0.0,0.0,2.766650488734964e-20,5.938993185142725e-19,5.79052699574512e-20,1.743210010467033e-18,0.0,0.0,1.6604654470079717e-19,2.1268462466115076e-19,2.4148855503038352e-18,1.1043406285009523e-18,0.0
0.0,0.0,0.0,3.59090362097066e-18,0.0,0.0,5.5533318990056885e-19,0.0,2.343892004513529e-18,0.0,0.0,1.0817945166510611e-18,0.0,0.0,1.3609048390311472e-18
5.046795589907049e-19,9.393419861692438e-20,4.343206774089205e-19,8.987984483714536e-19,1.674452284474829e-18,3.0140827173868542e-18,0.0,0.0,2.547792284063983e-18,1.0473244954458187e-18,4.962239141971819e-19,7.465714685951377e-19,0.0,1.1904595418238464e-18,0.0
0.003174882713400581,0.0031749734916436435,0.003174774417781219,0.0031749351555498554,0.0031747268803655635,0.0031742821835586176,0.003174476336677293,0.003174621697279722,0.0031748708734173994,0.0031747150099910183,0.0031744248743294924,0.003174475991212385,0.003174372409843037,0.0031745272373224203,0.003174557567881039
0.0,0.0,0.0,2.495148721157546e-18,0.0,0.0,2.2128105347858036e-20,1.2591481478617313e-18,4.306619635342626e-18,1.2036573622576494e-19,0.0,0.0,0.0,4.867999846296477e-19,0.0
0.05741291844194179,0.05741312947259167,0.05741266765129476,0.05741304071733855,0.05741255662097035,0.057411529613847156,0.05741197752186262,0.05741231367315363,0.057412891024413756,0.05741252953306187,0.0574118588977142,0.057411977050721284,0.05741173732473494,0.05741209578637326,0.05741216572647382
0.008565829611545782,0.008565762267864513,0.008565909681805917,0.008565790525138117,0.008565945099415226,0.008566274852905583,0.008566130733207094,0.0085660229170419,0.008565838090830277,0.008565954107157528,0.00856616902090282,0.008566131141295974,0.00856620785026955,0.00856609289167431,0.008566070696800324
0.0,0.0,1.760164168955627e-18,6.239736234088104e-19,1.1461673923361327e-18,0.0,0.0,1.0578015301636274e-18,0.0,4.795930040531709e-20,0.0,1.8030868001065935e-19,0.0,0.0,1.1972934796408261e-18
6.982533737097215e-19,0.0,1.0525778350401344e-19,1.4147062386439674e-18,2.6373857340875696e-18,5.636471755906572e-19,0.0,2.5225444681074576e-18,2.9169337182085157e-19,0.0,1.350050453840464e-18,0.0,8.599898607576098e-19,2.498371281861627e-18,8.264140824118521e-19
0.008924171532698673,0.008924091792528024,0.008924266002089854,0.008924125426915886,0.008924307817952785,0.0089246958547373,0.00892452648676965,0.008924399663264833,0.008924181881547486,0.008924317998049339,0.008924571205723085,0.008924526803055735,0.008924617357678166,0.008924481748128644,0.008924455346520949
7.418926604093127e-19,1.094538096562431e-19,0.0,4.959021010329849e-19,0.0,8.16406234687643e-19,1.6809947455053086e-18,0.0,0.0,0.0,0.0,0.0,0.0,6.131980476673941e-20,4.2999004310208884e-19
0.0,4.857619357034584e-19,0.0,1.1843636383455931e-18,0.0,0.0,0.0,0.0,0.0,0.0,6.247516092134078e-19,9.385311403642584e-19,0.0,0.0,0.0
3.876048680674914e-19,0.0,1.713269665033664e-19,0.0,0.0,3.0729629590201995e-19,0.0,6.815040227837437e-19,0.0,0.0,1.3120931450367117e-19,9.02802099511696e-19,4.498119541507215e-19,1.4474724965371045e-18,0.0
0.0,0.0,0.0,1.4913709062677698e-19,3.743143647387039e-19,0.0,0.0,3.482853799753341e-19,0.0,0.0,0.0,0.0,0.0,1.1579372457148403e-18,0.0
3.6228776990169617e-19,0.0,0.0,0.0,0.0,3.6531290868226945e-19,3.39502657022621e-19,1.412054792147665e-18,0.0,5.602015681961506e-19,0.0,8.312769958936085e-19,2.403677357645343e-19,0.0,6.089245648200322e-20
0.0,1.3915831751967373e-18,0.0,0.0,0.0,1.4328667543729489e-18,0.0,0.0,0.0,5.641665122908184e-19,4.776042012568248e-19,0.0,7.296192232888015e-19,0.0,3.907162899058184e-18
0.0,7.2336553829961625e-19,0.0,0.0,1.6825000867501695e-19,6.227413037083368e-20,0.0,6.155031039986836e-20,0.0,0.0,1.0924891862513017e-18,0.0,0.0,0.0,2.8078373684374675e-19
0.0,1.76857345376705e-18,7.060048087675189e-20,1.3032728056561152e-18,0.0,0.0,0.0,6.994657882655796e-19,0.0,0.0,0.0,4.625836226651283e-18,0.0,1.689250005751335e-18,0.0
2.2452133737506027e-18,1.6190339800660303e-18,0.0,0.0,0.0,0.0,1.2658729859134002e-18,0.0,2.1850476863684e-18,0.0,0.0,1.014068139189733e-18,0.0,5.8093883170249e-19,0.0
1.6665533682512219e-19,0.0,0.0,1.858000451685199e-19,0.0,0.0,1.6677881438578253e-19,0.0,0.0,0.0,2.4090130654583585e-19,0.0,0.0,9.171879198443265e-19,0.0
0.0,2.443516587000053e-18,1.2249483489388865e-18,3.0370961832140506e-19,6.122123976573255e-19,0.0,0.0,5.566767879142462e-19,1.2715811462105222e-19,0.0,2.144544998119346e-18,2.9613985087006253e-18,0.0,0.0,2.5465202302512197e-18
8.724405462281677e-19,0.0,2.2289280099104356e-19,0.0,0.0,0.0,0.0,0.0,0.0,1.908769022513743e-18,0.0,0.0,0.0,0.0,0.0
0.0,0.0,0.0,7.061783564019907e-19,0.0,0.0,0.0,1.3982744426129274e-18,0.0,0.0,0.0,1.1913498203121826e-18,0.0,0.0,0.0
0.0,5.113740790526178e-19,9.985746215812745e-19,7.300544667374915e-19,0.0,9.96314938223007e-20,0.0,3.032634335279199e-19,3.986525926892814e-20,1.4645866969462305e-18,0.0,0.0,0.0,4.296865993811184e-19,5.765432801233692e-19
1.5523912048824633e-19,0.0,0.0,6.373714317660634e-19,1.618816502411343e-18,0.0,0.0,9.153122159587128e-19,4.146254474737925e-19,0.0,0.0,0.0,5.505210793134652e-19,0.0,0.0
1.3660287301354608e-18,4.734975049130168e-19,0.0,0.0,0.0,0.0,1.8757197400811965e-18,0.0,5.206050612861694e-19,1.2544216930568939e-20,6.594067329185921e-19,0.0,9.505106350043339e-19,0.0,2.6900715933533613e-18
3.829274184081586e-19,0.0,0.0,0.0,1.2861240766566412e-18,1.483298169158003e-18,0.0,1.1483593148641845e-18,1.5037458562629054e-18,0.0,6.593185968590705e-19,0.0,9.11836104479586e-19,4.907405173804168e-19,1.0912426357587448e-18
0.005219864805757944,0.005220008393685999,0.005219693951921505,0.005219947432736755,0.005219619121671577,0.0052189190885067425,0.005219224919419069,0.005219453484751118,0.005219846093961392,0.005219600519435903,0.005219143569611031,0.005219224300669066,0.0052190608890306505,0.005219304831769596,0.005219352718191159
0.028034520893165247,0.0280345870217962,0.028034442742578047,0.02803455926981641,0.02803440838057953,0.02803408886359079,0.028034227980196887,0.028034332701600346,0.028034512497197576,0.0280343996957297,0.028034191271647236,0.02803422790992428,0.028034153288123108,0.028034264787491495,0.028034286788665812
0.13629628979791614,0.13629675289085424,0.1362957406533845,0.13629655773471883,0.13629549860752993,0.13629324844922047,0.1362942293048752,0.13629496586599338,0.1362962303750097,0.1362954383326998,0.13629397013236624,0.13629422824186674,0.13629370324569587,0.13629448865817861,0.13629464165821584
0.0,8.131514430540073e-19,0.0,6.931009495601158e-19,0.0,8.819672300916227e-19,4.368589516391461e-19,6.964029354922327e-19,0.0,0.0,0.0,3.69502807937032e-19,0.0,0.0,5.401079355148558e-19
0.0,3.2922013995021343e-19,0.0,0.0,0.0,0.0,1.04578847962093e-18,0.0,0.0,1.0842186373587862e-18,0.0,2.2805597708476825e-18,0.0,7.993693101854476e-19,0.0
1.300520379684471e-20,2.0829132421688457e-19,3.4456477592446107e-19,0.0,0.0,1.0230190595821436e-18,1.1871129035951721e-18,1.967981904210904e-18,0.0,0.0,0.0,1.1517924403908203e-18,1.0112490507510166e-19,0.0,0.0
0.0,0.0,1.6857216599462252e-20,0.0,0.0,9.616783755405388e-19,0.0,5.076397704208175e-19,0.0,3.553459306521465e-20,4.937687883129214e-19,3.3616118720864914e-19,1.461298586163626e-19,1.1972910100560925e-19,0.0
1.1423011980149818e-18,0.0,0.0,0.0,0.0,8.512971791136869e-19,0.0,0.0,0.0,0.0,0.0,1.6629095228208807e-18,6.544937115891523e-20,0.0,0.0
0.0,0.0,1.987771394390517e-18,8.096843255506017e-19,0.0,1.068011808672358e-18,0.0,8.414906306549216e-19,9.025813718548891e-19,6.613536566036128e-20,9.78024440570738e-19,0.0,7.695730609489147e-19,0.0,0.0
0.0,0.0,6.443843799517848e-19,2.1969511284458844e-19,0.0,8.35432690116427e-19,0.0,1.3829220532883157e-18,1.089621780078022e-19,0.0,0.0,0.0,2.1065490766173465e-19,0.0,0.0
0.0,7.827485138962277e-19,3.0592821583209292e-18,1.6231002336154535e-18,1.544427164576358e-18,1.5685082287800792e-18,1.344855454101437e-18,0.0,2.796277154961086e-18,7.118349311703676e-19,1.2782019842495593e-18,2.1653759772252215e-18,5.580940939605886e-20,3.1086740395179507e-18,1.2103997856489196e-18
4.638646786461606e-19,0.0,0.0,8.1929925756849015e-19,4.356290912524119e-20,0.0,0.0,9.09404851771176e-19,0.0,1.717444891569156e-18,8.65680067621315e-19,0.0,1.464972697078109e-18,2.785729919730725e-19,1.7505740973383854e-19
1.5000531005396899e-05,1.4995756894253116e-05,1.5006167140989612e-05,1.499776998321704e-05,1.5008629232888637e-05,1.5031805861922278e-05,1.5021705372450827e-05,1.5014105131934837e-05,1.5001144115518922e-05,1.5009277772178985e-05,1.502435847237418e-05,1.5021711381069958e-05,1.5027088182858412e-05,1.501901706173607e-05,1.501744814160932e-05
4.2651295776562024e-18,1.5432465828376635e-18,0.0,4.340927696671975e-18,0.0,0.0,8.291477298012804e-19,0.0,2.6686895194126786e-18,0.0,1.9901460901504998e-18,1.4049921992482238e-18,0.0,0.0,2.7350801419818373e-18
0.0,1.775113882678922e-18,0.0,1.94245363802496e-18,1.5261576518383554e-18,0.0,1.0605509042038174e-18,7.665441501634911e-19,2.8122483940970364e-18,0.0,1.0284308791893745e-18,3.317460468521854e-18,0.0,0.0,3.8340208268543146e-18
0.0,0.0,0.0,0.0,0.0,0.0,2.439378880945091e-19,0.0,0.0,0.0,0.0,4.2754576454215307e-19,6.013299848942349e-19,0.0,1.6696828402371245e-19
0.0,0.0,2.392185089338055e-19,1.102235234442931e-18,0.0,2.6622426755898264e-19,0.0,1.1037276018263007e-19,0.0,6.114327776552344e-19,3.151106891888295e-19,3.9212022831700415e-19,9.15286227664071e-19,0.0,0.0
0.0,3.973125589544417e-18,0.0,0.0,0.0,0.0,0.0,0.0,0.0,2.9135637324738176e-18,7.515941714057033e-19,6.534388321756824e-19,3.699378754639112e-18,2.256583987108939e-19,3.802728549039815e-18
0.0,0.0,5.423559447497927e-19,1.210651452587374e-18,4.670523753208951e-19,1.239341408220625e-19,0.0,0.0,0.0,1.7229908168095704e-18,0.0,7.046290601678603e-19,0.0,0.0,0.0
1.2652912973063851e-20,0.0,1.930016613121486e-18,0.0,0.0,0.0,6.384929761229738e-19,9.727804837780483e-19,0.0,5.318048786098475e-19,0.0,8.702596927036282e-19,0.0,8.699935663809658e-21,0.0
0.0,0.0,0.0,0.0,0.0,0.0,0.0,0.0,1.398664788118876e-18,0.0,1.6300330549714446e-19,0.0,2.9251470155119345e-18,1.7374201488235994e-18,1.3424410872340811e-18
0.0,2.4152062246244298e-18,1.0301322595204351e-18,1.1409488019972451e-18,0.0,0.0,0.0,1.6359624842857479e-18,0.0,4.501138106480862e-19,9.466856090045475e-19,1.3030614116773586e-18,9.579179203530423e-19,0.0,0.0
0.0016729651981841126,0.0016730416838200402,0.0016728740845678657,0.0016730094004260743,0.001672834083237295,0.0016724598289939692,0.001672623123364956,0.001672745465110056,0.0016729552948557891,0.0016728242124907906,0.0016725800198378337,0.0016726226834261621,0.0016725356257665247,0.0016726660448179939,0.0016726914752040955
1.2093396175963943e-18,1.6112679193512879e-18,0.0,8.348189295178511e-19,0.0,1.2334729597148516e-19,1.8136283152766227e-19,0.0,5.588232781633099e-19,2.2863948123228855e-19,1.0367423279973821e-18,9.593133953581467e-19,0.0,1.6441437862670495e-18,7.749294084227159e-19
6.814155735904823e-19,0.0,0.0,1.884052325130513e-20,1.8016114793915792e-18,0.0,0.0,0.0,1.0792615841062717e-18,1.806818157611016e-18,1.188933157703507e-18,6.344439414168709e-19,0.0,6.895046291456797e-19,6.572459205016135e-19
0.0010753675004937261,0.0010752181875020778,0.0010755367938464005,0.0010752844461465005,0.0010756169312925493,0.0010762999693150334,0.001076003240085582,0.0010757803147603742,0.0010753889454634324,0.0010756319803353256,0.001076081109648006,0.0010760046195964728,0.0010761652637518487,0.001075924748453517,0.0010758761183916289
4.414179987315462e-19,0.0,0.0,0.0,0.0,2.2225499952681016e-18,0.0,0.0,0.0,0.0,0.0,7.32873216359178e-19,0.0,1.1616729386670405e-18,6.755033948409766e-19
2.4502950046210414e-18,0.0,0.0,6.913478344780587e-20,0.0,0.0,8.150891735786508e-19,0.0,9.590931011578511e-19,0.0,1.8737857375371787e-18,0.0,0.0,8.177777682469795e-19,0.0
4.6441578928933366e-18,3.925371880940445e-18,0.0,0.0,2.1840419035833575e-18,9.964977524736906e-20,0.0,0.0,1.6670569180287588e-18,0.0,1.608542476742945e-18,8.372269477552005e-20,0.0,1.7087180659425797e-18,0.0
0.0,0.0,1.4763886553990303e-18,8.640530532391117e-19,6.007605999253243e-19,4.853410209992894e-19,1.2980831950730357e-18,0.0,1.0272095397490815e-18,0.0,8.737708563415661e-20,0.0,5.9940595464150215e-19,3.5600804315621645e-19,0.0
0.0,0.0,0.0,0.0,1.396393506843154e-19,0.0,0.0,0.0,0.0,0.0,0.0,0.0,1.8766582409619522e-19,0.0,0.0
0.0,9.834653400942053e-19,7.247800531368917e-19,0.0,0.0,1.060322576693233e-18,1.7230793547480924e-18,0.0,0.0,2.4107525336615465e-18,0.0,6.776060113630835e-19,0.0,0.0,0.0
0.0,1.262038255240591e-18,0.0,0.0,2.0040959080064028e-18,2.3752211817552674e-18,0.0,7.636646071925303e-19,0.0,3.0602896189126266e-18,1.903333134730087e-18,0.0,1.9358568999314997e-18,0.0,1.1091633131381797e-18
1.2777947934359163e-18,0.0,0.0,2.7827244562368972e-18,0.0,8.201710972205164e-19,0.0,0.0,2.777236743392898e-19,0.0,1.263643034143825e-19,0.0,0.0,0.0,8.250298244887448e-20
1.3953257825146925e-18,0.0,0.0,2.4847826480983533e-19,1.150659066808766e-18,0.0,2.453277892895781e-18,1.6452270472809887e-18,0.0,6.409443031320467e-19,0.0,9.320676361496632e-19,1.6755762549994027e-20,1.267593836832479e-19,1.382663780406704e-18
0.0,2.1837632613224718e-18,2.9813276748337496e-19,1.3431341981490063e-18,7.273101691994727e-19,0.0,0.0,0.0,0.0,5.641237264543091e-19,2.382610183404056e-18,0.0,1.0039987649031951e-18,0.0,1.0868454530665991e-18
5.463609917088635e-19,0.0,0.0,3.8273073888118456e-18,0.0,0.0,3.2030006930241342e-18,1.1288737420627798e-18,1.695761137717456e-18,0.0,0.0,1.0916542798886254e-18,0.0,0.0,2.9947831867476806e-18
0.0,2.8578314336579776e-20,0.0,0.0,1.4921912099749792e-18,7.125096961338103e-19,5.433170484652448e-19,0.0,2.212544904508456e-18,2.9430551063632643e-18,0.0,1.8371805273532812e-20,0.0,2.3699636868652855e-19,0.0
0.0,8.96221849722375e-19,2.6858062404750165e-18,2.5163279157063574e-19,0.0,5.756805841523382e-20,0.0,1.5018017993487777e-18,4.5426631816457013e-20,0.0,4.324001296892452e-20,0.0,1.3250850837737047e-18,0.0,1.7311519629738335e-18
0.0,2.6607645043319242e-18,0.0,3.987557852104806e-19,0.0,0.0,3.8277637103943116e-19,0.0,0.0,1.3773339446726387e-18,0.0,2.031245355187776e-19,1.1583775363453697e-18,3.1959203063837136e-19,0.0
1.7304986917076567e-19,0.0,1.0267658129133774e-18,1.142404904324727e-19,0.0,1.1170109299963465e-18,9.398423497923241e-20,4.951241699306665e-19,0.0,0.0,0.0,1.1015068245046078e-18,7.938199665023492e-20,4.777421362889915e-19,1.8654603051174121e-19
1.5276510340303505e-19,2.447409394672939e-18,1.8812053739537566e-18,0.0,2.1105560298505845e-18,1.4956263617718026e-18,0.0,0.0,1.3325583916453166e-19,3.394196669435392e-18,1.1519490812620743e-18,4.0855580015725077e-19,1.4849725264226737e-18,4.252296746551003e-19,1.7456748414900785e-18
0.0,3.220615880251977e-19,3.964868490681518e-19,3.8787435421614275e-19,3.6122884010375083e-19,0.0,0.0,4.344684950471486e-19,1.5160327276319489e-18,3.432917874458822e-20,0.0,3.2196996862470475e-19,2.9453568742728927e-19,0.0,0.0
1.4315810315248006e-18,1.801157354533631e-18,1.6422615565162382e-18,0.0,0.0,0.0,3.2295168394474654e-18,4.88455250277297e-19,0.0,8.364812509124123e-19,0.0,3.8782015028468584e-19,1.352553074835332e-18,3.6031267772081144e-19,0.0
1.2272575657960635e-19,4.35913810256782e-19,1.9843786260431894e-19,0.0,1.1460122104098943e-18,0.0,0.0,3.61807459522164e-19,0.0,5.247952384129307e-19,0.0,1.741228071838612e-19,0.0,0.0,0.0
0.0,0.0,9.783196038548728e-19,0.0,0.0,1.9979952894021933e-18,3.1054560924179783e-19,0.0,9.052421360466157e-19,0.0,9.76485983217046e-19,0.0,8.363658822389302e-19,3.435058847747743e-19,1.4902081079910465e-19
0.0,4.990933618825761e-19,5.582383725683888e-20,0.0,1.0091837615587873e-18,2.4410621478223887e-18,5.863933058624722e-19,6.651715343634114e-19,2.4868318301422653e-19,1.97010352759237e-18,0.0,1.0921052271072466e-18,0.0,1.811112722205757e-18,0.0
0.0,4.9759599289009525e-19,1.3763704609533726e-18,2.786968262795942e-18,6.028179954972523e-19,0.0,0.0,2.1846985870438714e-19,8.730728020725406e-19,1.1492184487018893e-18,0.0,1.4689336537700741e-18,0.0,0.0,0.0
2.2825482992150227e-18,0.0,0.0,0.0,0.0,0.0,0.0,4.4279993347550776e-18,0.0,1.790223398454292e-18,2.445382017889712e-18,0.0,5.3395564931040685e-18,2.8134122110263707e-18,4.0867628855812786e-20
4.697564786539659e-20,1.5058834385042403e-18,2.6357424844918896e-19,3.17371324135868e-19,0.0,6.381096814541695e-19,0.0,1.5020231081035322e-18,0.0,0.0,3.6624761029415407e-19,2.205198154593951e-18,0.0,8.994318837149713e-19,2.2160570658799854e-18
0.0,0.0,4.3569576415223096e-20,9.74216903734513e-19,8.554838828414286e-19,4.651393563560654e-20,0.0,4.300310934550051e-20,0.0,0.0,0.0,1.6584202462324143e-19,0.0,0.0,0.0
6.001339832696935e-19,2.3178200198274037e-18,0.0,2.2645326508145974e-19,5.861656220210248e-20,1.937948664787413e-18,0.0,7.211886340370057e-19,0.0,0.0,1.0141681546252937e-18,1.3650272730432135e-19,0.0,3.3221933070653025e-19,0.0
0.0,2.2396166597588387e-18,2.3480268336798255e-18,1.8266590243465163e-19,0.0,2.251974007604261e-19,0.0,0.0,0.0,0.0,2.1169417609283604e-18,0.0,5.127920490711234e-19,0.0,0.0
0.0,0.0,0.0,2.0483544543954046e-18,8.488842488590272e-19,0.0,0.0,0.0,0.0,0.0,5.016628653904936e-19,4.944883767491142e-18,0.0,0.0,3.045743103140149e-18
0.0,1.364975344654874e-18,0.0,0.0,0.0,0.0,5.998686992097574e-19,0.0,0.0,1.1357542264773023e-20,0.0,0.0,0.0,0.0,1.2201773122410798e-18
1.6068852558249778e-19,1.5200001950744907e-18,0.0,0.0,0.0,0.0,7.376593093079756e-19,6.981837983455194e-19,1.1500885100102381e-18,1.1972337245578901e-18,5.133417420614256e-19,5.695814250200315e-19,1.0952308920396807e-18,1.5032373794060748e-18,1.2327400455269498e-18
8.711879177281577e-19,0.0,2.2965072981625144e-18,3.935928608454031e-19,1.389381922319208e-18,0.0,2.8296757204163848e-18,2.8370340575146884e-18,0.0,0.0,4.21328397185153e-19,0.0,0.0,0.0,0.0
0.0,0.0,0.0,0.0,0.0,0.0,0.0,0.0,1.1044454861747119e-18,0.0,3.5109461409460285e-19,0.0,0.0,1.0830934982043855e-18,6.559044194618826e-19
0.0,0.0,4.0838247004600325e-19,0.0,1.0870142922685452e-18,0.0,0.0,4.349999139469953e-19,0.0,2.035005245137464e-18,0.0,0.0,7.949748007103554e-19,8.11338350367668e-19,0.0
0.0,0.0,1.4590194314079875e-18,0.0,0.0,5.405400077418425e-19,0.0,0.0,0.0,0.0,0.0,0.0,0.0,5.435396376689346e-19,0.0
0.0,2.5731327612390766e-18,2.6621622693305603e-18,0.0,0.0,9.550912285495618e-19,9.209007216992806e-20,1.3446444974997589e-18,0.0,1.6485219014297458e-18,3.0669483558331948e-18,0.0,0.0,1.8618440572642356e-18,2.167079496005401e-18
0.0,0.0,0.0,0.0,0.0,7.133302677043004e-19,0.0,1.8283505096579645e-20,0.0,0.0,0.0,0.0,0.0,0.0,0.0
0.0,2.6998445553896203e-18,0.0,0.0,0.0,6.757368081725064e-19,0.0,0.0,1.855681828032165e-18,0.0,0.0,0.0,3.7839976681857186e-19,1.0385227636627598e-18,0.0
0.0,3.186532923101477e-19,0.0,0.0,0.0,0.0,0.0,2.0455359896076217e-18,1.1903854895858015e-20,2.573140141296981e-18,0.0,0.0,0.0,1.3400395364625656e-18,0.0
1.0273882788371216e-19,1.0176331335418137e-18,0.0,5.90393119974152e-19,2.6357606762825775e-19,3.3910369176384213e-20,0.0,0.0,1.4116815594480518e-18,1.37377092289997e-18,0.0,3.51035338513672e-19,5.243166371502359e-20,0.0,0.0
0.026494282971982665,0.02649428084992756,0.026494285741283444,0.026494281939486032,0.02649428706795581,0.026494299748487583,0.026494294037679337,0.026494290021120342,0.026494283324553242,0.02649428730987572,0.026494295548419027,0.026494294235020956,0.026494296941136454,0.02649429285729396,0.026494292161486913
0.0,7.218869458937771e-20,7.096056712784628e-19,2.7069411437993773e-19,0.0,1.4631504459505005e-18,7.45358814170602e-19,1.5752384248162457e-18,5.059973165129421e-19,5.880354503106891e-19,6.629870524408557e-20,1.0978399732956258e-18,9.19699153993885e-19,4.502022069341594e-19,0.0
9.252379758001851e-19,1.784642040600742e-18,2.5046313074236277e-19,0.0,6.508001469402731e-19,0.0,0.0,7.958335862038126e-19,1.5002037908130394e-18,2.405714786032205e-18,0.0,0.0,0.0,1.2799941351650322e-20,1.0374205469095964e-18
0.0,0.0,0.0,1.6992866452560861e-18,7.09135436181098e-20,1.110339257084987e-18,5.120266306294564e-19,0.0,1.0879637669230804e-18,0.0,0.0,0.0,0.0,0.0,0.0
3.817340061678112e-19,0.0,3.871939232815176e-19,0.0,8.425852485132918e-19,0.0,0.0,2.8127051703502365e-20,0.0,0.0,0.0,7.608701719986166e-19,0.0,4.045617457492137e-19,3.7847904648735936e-19
7.262174221524912e-19,0.0,0.0,0.0,2.6434192459243904e-19,1.1958560884527618e-18,1.2080026602329296e-19,1.1577891974244063e-18,0.0,0.0,0.0,0.0,3.307241911015024e-19,3.0460094907867477e-19,7.787573592139417e-19
0.0,0.0,0.0,7.451039278423957e-19,1.0719693183091634e-18,1.0306777787230855e-18,1.4466582813170961e-19,9.115789788401781e-19,6.258468793105064e-19,1.6296432100344044e-20,0.0,9.535517603709879e-19,5.653792561039956e-19,2.1732495443455924e-19,1.4936219735209238e-18
0.0,0.0,4.305377877719698e-19,2.945261379309962e-19,2.0244439190075256e-19,3.395438103738318e-19,0.0,0.0,0.0,0.0,1.6474005099943777e-19,0.0,0.0,0.0,0.0
0.0,5.619020003541901e-19,0.0,0.0,1.5972488920556774e-18,1.9769009732016402e-18,6.422968136481699e-19,3.830241252297821e-19,0.0,0.0,8.961183711944738e-19,0.0,0.0,0.0,9.441256155572189e-19
0.0,1.6225040006938532e-18,9.905988514188532e-20,0.0,0.0,0.0,2.776253179301054e-19,0.0,1.3884354625607505e-19,9.114416011654078e-20,0.0,0.0,1.2193955409686205e-18,1.9310852118309377e-18,0.0
0.0,3.1132849943805284e-18,0.0,0.0,0.0,0.0,0.0,3.985743359416711e-19,0.0,2.4211185270272078e-18,1.8787490944112304e-18,0.0,1.6281029934527175e-18,0.0,4.857477551580382e-18
0.0,1.37579380366715e-18,0.0,1.3112318068968935e-18,0.0,7.577562529281701e-19,0.0,0.0,3.2015045413285357e-19,0.0,0.0,1.602402036743182e-18,1.43076233433421e-18,7.253656609006839e-19,0.0
3.459465844467503e-20,4.4508947098944046e-20,0.0,0.0,0.0,0.0,4.1301652695617155e-19,1.832194076315042e-18,5.61731311632743e-19,0.0,0.0,8.669936360730777e-19,0.0,1.3117937769212876e-18,0.0
0.0,0.0,1.3282511609424855e-18,0.0,2.539929001002996e-18,0.0,0.0,0.0,7.340458913426433e-19,0.0,0.0,6.54217177285348e-19,5.177577067643512e-19,0.0,0.0
0.0,4.836281233987062e-19,0.0,7.470909539367892e-19,0.0,0.0,0.0,0.0,5.115279087242297e-19,0.0,0.0,1.0113276829879758e-18,1.6265021013450906e-19,1.152237344171456e-18,3.646732998615953e-18
0.0,2.9286515652673432e-18,1.4855224746581347e-18,0.0,0.0,0.0,1.0912287131211837e-19,5.916245482961943e-19,0.0,0.0,2.5128509799037892e-18,4.437468610487511e-19,5.654140678106912e-20,0.0,2.620680773153966e-19
0.0,0.0,2.2863839008936948e-18,0.0,0.0,1.7926840535302015e-18,0.0,0.0,0.0,1.3644187734469671e-18,1.4144566136980032e-18,0.0,0.0,7.995857785942341e-19,1.5108009263169336e-18
0.018488860893834485,0.018488877136462644,0.018488841723914875,0.01848887015521234,0.018488833179058164,0.018488756199635515,0.01848878965162954,0.018488814944587387,0.018488858942712596,0.018488830874875132,0.01848878065025933,0.018488789703785737,0.018488771787255304,0.018488798742466634,0.018488803781859107
0.0,1.449253036351307e-18,4.6657452939949125e-19,0.0,0.0,1.8720552394894162e-19,0.0,0.0,0.0,2.560863979917454e-18,0.0,5.96123386072828e-19,0.0,0.0,2.4170365699915384e-19
3.365717841523506e-19,8.714412384838828e-19,0.0,1.5429316235496802e-18,8.923039352822533e-19,0.0,0.0,0.0,0.0,6.437508517067627e-19,0.0,1.0243453041499248e-18,1.7553615485161354e-19,0.0,0.0
1.142114822133094e-18,0.0,0.0,1.0666903168861447e-18,0.0,0.0,6.624824843178629e-19,0.0,2.503470356936667e-19,4.880369811406074e-19,0.0,9.320389660927366e-20,0.0,2.706600146407179e-19,0.0
0.0,2.7951932632941083e-18,2.6280991572167933e-18,0.0,0.0,0.0,1.2891097817796912e-18,9.674955517817887e-19,0.0,3.089260368549227e-18,3.999064556046535e-19,0.0,0.0,0.0,0.0
0.0,7.156536291813939e-20,0.0,0.0,1.2146914734037808e-18,0.0,1.878773363775411e-18,0.0,0.0,0.0,1.1870342759150596e-18,0.0,0.0,1.2729464458722424e-18,1.2621538413529763e-18
